"tips","max_crep","Diel_Pattern","Order","Family","AdultBodyMass_g","AdultHeadBodyLen_mm","DietBreadth","HabitatBreadth","HomeRange_km2","SocialGrpSize","Terrestriality","TrophicLevel","GR_Area_km2","GR_MidRangeLat_dd","GR_MaxLat_dd","GR_MinLat_dd","GR_MaxLong_dd","GR_MinLong_dd","GR_MidRangeLong_dd","Orbit_ratio","Species_name","min_lat","max_lat","mean_lat"
"Addax_nasomaculatus","crepuscular","nocturnal/crepuscular","Artiodactyla","Bovidae",96077.36,NA,5,1,NA,12.62,1,1,1168708.88,20.52,26.45,14.6,32.63,-16.77,7.93,NA,"Addax nasomaculatus",15.6381355930001,22.5009301370001,19.0695328650001
"Aepyceros_melampus","diurnal","diurnal","Artiodactyla","Bovidae",52591.69,1420,2,1,1.97,15.25,1,1,3926868.66,-12.91,2.58,-28.42,40.84,11.71,26.27,NA,"Aepyceros melampus",-27.892464407,2.96303559200004,-12.4647144075
"Alcelaphus_buselaphus","crepuscular","diurnal/crepuscular","Artiodactyla","Bovidae",160937.86,1974.99,2,1,2.73,20,1,1,4706770.4,5.81,17.65,-6.03,45.78,-15.68,15.05,NA,"Alcelaphus buselaphus",-34.839764407,17.395335592,-8.72221440749996
"Alcelaphus_caama",NA,NA,"Artiodactyla","Bovidae",176115.97,NA,NA,NA,NA,NA,NA,NA,873624.18,-21.68,-16.05,-27.32,27.42,14.27,20.84,NA,NA,NA,NA,NA
"Alcelaphus_lichtensteinii",NA,NA,"Artiodactyla","Bovidae",168695.66,NA,3,1,4.41,10,1,1,2264335.8,-11.63,-1.36,-21.89,39.41,19.07,29.24,NA,NA,NA,NA,NA
"Alces_alces","crepuscular","nocturnal/crepuscular","Artiodactyla","Cervidae",461900.76,2930.47,1,1,71.75,1,1,1,NA,NA,NA,NA,NA,NA,NA,0.930516444106201,"Alces alces",40.4737548780001,72.8179355930001,56.6458452355001
"Alces_americanus",NA,NA,"Artiodactyla","Cervidae",541460.44,2097.16,2,NA,NA,NA,NA,1,NA,NA,NA,NA,NA,NA,NA,NA,NA,NA,NA,NA
"Ammodorcas_clarkei","diurnal","diurnal","Artiodactyla","Bovidae",28049.81,1509.96,NA,1,NA,NA,1,NA,287056.65,6.18,9.57,2.79,50.02,43.14,46.58,NA,"Ammodorcas clarkei",4.33823559300004,7.96053223400003,6.14938391350003
"Ammotragus_lervia","crepuscular","diurnal/crepuscular","Artiodactyla","Bovidae",94202.22,1449.99,2,1,7.06,NA,1,1,1447450.84,24.84,35.21,14.47,36.55,-15.33,10.6,0.925496294392802,"Ammotragus lervia",14.3244868362952,36.7336284687181,25.5290576525066
"Antidorcas_marsupialis","crepuscular","cathemeral/crepuscular","Artiodactyla","Bovidae",33571.24,1055,2,1,NA,NA,1,1,1066805.09,-20.74,-12.52,-28.97,27.61,11.71,19.66,NA,"Antidorcas marsupialis",-33.7274644079999,-12.5216644069999,-23.1245644074999
"Antilocapra_americana","diurnal","diurnal","Artiodactyla","Antilocapridae",47450.01,1310,2,1,8.05,12,1,1,2009745.94,37.21,51.37,23.04,-95.02,-121.25,-108.14,NA,"Antilocapra americana",20.8517355920001,51.3781355930001,36.1149355925001
"Antilope_cervicapra","crepuscular","cathemeral/crepuscular","Artiodactyla","Bovidae",36301.1,1250,5,1,0.62,30,1,1,1248646.6,18.75,29.43,8.06,84.2,68.91,76.56,0.899024133844798,"Antilope cervicapra",8.06904578000007,28.7461355930001,18.4075906865001
"Arabitragus_jayakari","crepuscular","cathemeral/crepuscular","Artiodactyla","Bovidae",22210.18,1075,3,1,NA,NA,1,1,16233.68,24.28,26.15,22.42,59.29,56.23,57.76,NA,"Arabitragus jayakari",22.1092315372057,26.2573264221767,24.1832789796912
"Axis_axis","crepuscular","cathemeral/crepuscular","Artiodactyla","Cervidae",69499.99,NA,NA,NA,0.67,NA,NA,NA,2041090.04,17.25,28.58,5.91,89.82,73.11,81.46,NA,"Axis axis",5.91683621000004,29.893107451,17.9049718305
"Axis_calamianensis","crepuscular","cathemeral/crepuscular","Artiodactyla","Cervidae",39812.6,1387.44,NA,NA,NA,NA,NA,NA,1345.4,11.99,12.33,11.66,120.34,119.84,120.09,NA,"Axis calamianensis",11.662278175,12.331333161,11.996805668
"Axis_kuhlii","cathemeral","cathemeral","Artiodactyla","Cervidae",54999.99,1375,2,NA,NA,NA,NA,1,197.86,-5.79,-5.72,-5.86,112.73,112.56,112.64,NA,"Axis kuhlii",-5.85652078699997,-5.75356440799993,-5.80504259749995
"Axis_porcinus","crepuscular","cathemeral/crepuscular","Artiodactyla","Cervidae",37448.29,NA,3,NA,0.52,1.8,NA,1,2017514.05,20.57,32.58,8.55,107.57,67.83,87.7,NA,"Axis porcinus",6.08703559200006,32.0836355930001,19.0853355925001
"Babyrousa_babyrussa","diurnal","diurnal","Artiodactyla","Suidae",92950.09,950,6,1,NA,4.5,1,2,13309.7,-2.73,-1.62,-3.84,127.26,124.33,125.8,NA,"Babyrousa babyrussa",-3.84436106799996,-1.62850066599998,-2.73643086699997
"Babyrousa_bolabatuensis",NA,NA,"Artiodactyla","Suidae",NA,NA,NA,NA,NA,NA,NA,NA,NA,NA,NA,NA,NA,NA,NA,NA,NA,NA,NA,NA
"Babyrousa_celebensis","diurnal","diurnal","Artiodactyla","Suidae",NA,NA,NA,NA,NA,NA,NA,NA,47657.62,-1.37,1.55,-4.31,125.29,119.82,122.55,NA,"Babyrousa celebensis",-5.70324993199995,1.55561113300007,-2.07381939949994
"Babyrousa_togeanensis","crepuscular","diurnal/crepuscular","Artiodactyla","Suidae",NA,NA,NA,NA,NA,NA,NA,NA,536.65,-0.4,-0.23,-0.57,122.14,121.64,121.89,NA,"Babyrousa togeanensis",-0.571027754999932,-0.231916665999961,-0.401472210499946
"Balaena_mysticetus","cathemeral","cathemeral",NA,NA,NA,NA,NA,NA,NA,NA,NA,NA,NA,NA,NA,NA,NA,NA,NA,NA,"Balaena mysticetus",49.7405856770001,83.897561405,66.8190735410001
"Balaenoptera_acutorostrata","diurnal","diurnal",NA,NA,NA,NA,NA,NA,NA,NA,NA,NA,NA,NA,NA,NA,NA,NA,NA,NA,"Balaenoptera acutorostrata",-75.8617416019999,84.084471933,4.11136516550004
"Balaenoptera_bonaerensis","cathemeral","cathemeral",NA,NA,NA,NA,NA,NA,NA,NA,NA,NA,NA,NA,NA,NA,NA,NA,NA,NA,"Balaenoptera bonaerensis",-85.4689,5.67140000000006,-39.8987499999999
"Balaenoptera_borealis","cathemeral","cathemeral",NA,NA,NA,NA,NA,NA,NA,NA,NA,NA,NA,NA,NA,NA,NA,NA,NA,NA,"Balaenoptera borealis",-77.637399525,75.9723004990001,-0.832549512999954
"Balaenoptera_brydei","nocturnal","nocturnal",NA,NA,NA,NA,NA,NA,NA,NA,NA,NA,NA,NA,NA,NA,NA,NA,NA,NA,NA,NA,NA,NA
"Balaenoptera_edeni","diurnal","diurnal",NA,NA,NA,NA,NA,NA,NA,NA,NA,NA,NA,NA,NA,NA,NA,NA,NA,NA,"Balaenoptera edeni",-45.1973395089998,47.5874148408454,1.19503766592281
"Balaenoptera_musculus","cathemeral","cathemeral",NA,NA,NA,NA,NA,NA,NA,NA,NA,NA,NA,NA,NA,NA,NA,NA,NA,NA,"Balaenoptera musculus",-85.5827637175627,79.2291700519982,-3.17679683278227
"Balaenoptera_omurai","cathemeral","cathemeral",NA,NA,NA,NA,NA,NA,NA,NA,NA,NA,NA,NA,NA,NA,NA,NA,NA,NA,"Balaenoptera omurai",-36.7453444204086,36.3713488642587,-0.186997778074954
"Balaenoptera_physalus","cathemeral","cathemeral",NA,NA,NA,NA,NA,NA,NA,NA,NA,NA,NA,NA,NA,NA,NA,NA,NA,NA,"Balaenoptera physalus",-79.9610695109988,80.3088693089991,0.173899899000162
"Balaenoptera_ricei","diurnal","diurnal",NA,NA,NA,NA,NA,NA,NA,NA,NA,NA,NA,NA,NA,NA,NA,NA,NA,NA,"Balaenoptera ricei",26.7445858750381,30.1474895282192,28.4460377016287
"Beatragus_hunteri","crepuscular","cathemeral/crepuscular","Artiodactyla","Bovidae",79132.17,1600,1,1,NA,13.5,1,1,30188.68,-0.57,0.8,-1.95,42.52,39.93,41.23,NA,"Beatragus hunteri",-3.49086440699995,-0.710264406999954,-2.10056440699995
"Berardius_arnuxii","diurnal","diurnal",NA,NA,NA,NA,NA,NA,NA,NA,NA,NA,NA,NA,NA,NA,NA,NA,NA,NA,"Berardius arnuxii",-78.9528499636156,-23.1313435610428,-51.0420967623292
"Berardius_bairdii","cathemeral","cathemeral",NA,NA,NA,NA,NA,NA,NA,NA,NA,NA,NA,NA,NA,NA,NA,NA,NA,NA,"Berardius bairdii",21.98934225671,66.3916625156496,44.1905023861798
"Berardius_minimus",NA,NA,NA,NA,NA,NA,NA,NA,NA,NA,NA,NA,NA,NA,NA,NA,NA,NA,NA,NA,NA,NA,NA,NA
"Bison_bison","crepuscular","diurnal/crepuscular","Artiodactyla","Bovidae",624577.07,2849.24,2,2,47.39,30,1,1,10388.04,44.31,44.97,43.65,-109.99,-111.12,-110.56,NA,"Bison bison",35.7509099970001,64.656694959,50.2038024780001
"Bison_bonasus","cathemeral","cathemeral","Artiodactyla","Bovidae",675876.7,2900,2,2,7.91,35,1,1,NA,NA,NA,NA,NA,NA,NA,NA,"Bison bonasus",41.4718593964026,60.0247746889208,50.7483170426617
"Blastocerus_dichotomus","crepuscular","cathemeral/crepuscular","Artiodactyla","Cervidae",112518.53,1720,3,1,NA,3,1,1,2004539.09,-19.49,-3.88,-35.1,-46.54,-69.28,-57.91,NA,"Blastocerus dichotomus",-34.6908180139999,-7.43726829499997,-21.0640431545
"Bos_frontalis",NA,NA,"Artiodactyla","Bovidae",800143.05,2700,3,NA,NA,40,NA,1,2294331.63,15.43,28.01,2.86,108.68,73.55,91.12,NA,NA,NA,NA,NA
"Bos_gaurus","crepuscular","cathemeral/crepuscular",NA,NA,NA,NA,NA,NA,NA,NA,NA,NA,NA,NA,NA,NA,NA,NA,NA,NA,"Bos gaurus",3.70793559300006,29.7566355930001,16.7322855930001
"Bos_grunniens",NA,NA,"Artiodactyla","Bovidae",5e+05,NA,2,NA,NA,110,NA,1,1523540.07,34.27,38.88,29.66,99.23,75.91,87.57,NA,NA,NA,NA,NA
"Bos_javanicus","cathemeral","cathemeral","Artiodactyla","Bovidae",635974.34,2075,2,1,NA,40,1,1,1687920.66,8.15,25.08,-8.78,118.35,94.94,106.64,NA,"Bos javanicus",-8.94828527524521,27.2044628988438,9.12808881179927
"Bos_mutus","diurnal","diurnal",NA,NA,NA,NA,NA,NA,NA,NA,NA,NA,NA,NA,NA,NA,NA,NA,NA,NA,"Bos mutus",29.1501355930001,39.0415355920001,34.0958355925001
"Bos_sauveli","cathemeral","cathemeral","Artiodactyla","Bovidae",791321.76,2175,2,1,NA,20,1,1,115557.18,13.76,15.48,12.04,107.85,102.98,105.42,NA,"Bos sauveli",12.378335593,14.5947355930001,13.486535593
"Bos_taurus",NA,NA,"Artiodactyla","Bovidae",618642.42,NA,NA,NA,10.04,NA,NA,NA,44447.62,13.46,15.08,11.85,108.99,107.08,108.04,NA,NA,NA,NA,NA
"Boselaphus_tragocamelus","crepuscular","nocturnal/crepuscular","Artiodactyla","Bovidae",182253.04,2000,5,NA,NA,NA,NA,1,2192564.81,22.35,33,11.71,87.08,68.93,78,NA,"Boselaphus tragocamelus",11.713435593,32.7192355930001,22.2163355930001
"Bubalus_arnee","diurnal","diurnal",NA,NA,NA,NA,NA,NA,NA,NA,NA,NA,NA,NA,NA,NA,NA,NA,NA,NA,"Bubalus arnee",6.27903559300006,27.7430355930001,17.0110355930001
"Bubalus_bubalis","cathemeral","cathemeral","Artiodactyla","Bovidae",929500.97,2649.52,2,1,3.63,NA,1,1,978657.33,20.98,27.44,14.51,100,84.68,92.34,NA,NA,NA,NA,NA
"Bubalus_depressicornis","crepuscular","nocturnal/crepuscular","Artiodactyla","Bovidae",256989.27,1728.58,3,1,NA,1,1,1,41026.7,-1.33,0.85,-3.51,123.99,119.57,121.78,NA,"Bubalus depressicornis",-5.43113899199994,1.27483559200004,-2.07815169999995
"Bubalus_mindorensis","cathemeral","cathemeral","Artiodactyla","Bovidae",254389.74,2199.99,2,1,NA,1,1,1,9912.75,12.86,13.53,12.2,121.55,120.29,120.92,NA,"Bubalus mindorensis",12.666687011,13.47824289,13.0724649505
"Bubalus_quarlesi","crepuscular","cathemeral/crepuscular","Artiodactyla","Bovidae",181718.86,1577.97,3,NA,NA,1,NA,1,56312.24,-2.33,0.79,-5.45,123.6,119.41,121.51,NA,"Bubalus quarlesi",-5.14736440799993,1.24603559300004,-1.95066440749994
"Budorcas_taxicolor","crepuscular","diurnal/crepuscular","Artiodactyla","Bovidae",294515.33,1736,3,1,NA,14,1,1,402044.43,30.15,34.44,25.85,108.95,88.22,98.58,NA,"Budorcas taxicolor",24.690835593,34.0919355930001,29.3913855930001
"Camelus_bactrianus","diurnal","diurnal","Artiodactyla","Camelidae",554515.91,NA,2,1,NA,6.2,1,1,188693,41.34,44.71,37.98,97.58,90.75,94.17,0.912823493386637,NA,NA,NA,NA
"Camelus_dromedarius","diurnal","diurnal","Artiodactyla","Camelidae",492714.47,NA,3,1,196.32,10,1,1,NA,NA,NA,NA,NA,NA,NA,NA,NA,NA,NA,NA
"Camelus_ferus","crepuscular","cathemeral/crepuscular",NA,NA,NA,NA,NA,NA,NA,NA,NA,NA,NA,NA,NA,NA,NA,NA,NA,NA,"Camelus ferus",36.4640046962598,45.8055898389999,41.1347972676299
"Caperea_marginata","cathemeral","cathemeral",NA,NA,NA,NA,NA,NA,NA,NA,NA,NA,NA,NA,NA,NA,NA,NA,NA,NA,"Caperea marginata",-61.2262773959999,-18.798907415,-40.0125924055
"Capra_aegagrus","diurnal","diurnal",NA,NA,NA,NA,NA,NA,NA,NA,NA,NA,NA,NA,NA,NA,NA,NA,NA,NA,"Capra aegagrus",25.0893266421109,42.9492625223476,34.0192945822292
"Capra_caucasica","cathemeral","cathemeral","Artiodactyla","Bovidae",58149.52,NA,NA,NA,NA,NA,NA,NA,32781.87,42.33,43.82,40.83,48.52,40,44.26,NA,"Capra caucasica",42.8467535318501,43.932243288597,43.3894984102235
"Capra_cylindricornis","cathemeral","cathemeral",NA,NA,NA,NA,NA,NA,NA,NA,NA,NA,NA,NA,NA,NA,NA,NA,NA,NA,"Capra cylindricornis",40.8981044649491,43.6995990642455,42.2988517645973
"Capra_falconeri","crepuscular","diurnal/crepuscular","Artiodactyla","Bovidae",54303.37,1590,2,1,NA,NA,1,1,155075.85,33.87,38.9,28.84,75.48,65.04,70.26,NA,"Capra falconeri",29.2126744240001,38.570720728,33.891697576
"Capra_hircus",NA,NA,"Artiodactyla","Bovidae",47386.47,NA,2,NA,98.3,NA,NA,1,NA,NA,NA,NA,NA,NA,NA,NA,NA,NA,NA,NA
"Capra_ibex","crepuscular","cathemeral/crepuscular","Artiodactyla","Bovidae",69546.83,NA,2,1,NA,NA,1,1,145098.13,45.83,47.9,43.76,15.5,4.76,10.13,0.910931474542503,"Capra ibex",42.0672982254328,47.7256558675243,44.8964770464786
"Capra_nubiana","crepuscular","cathemeral/crepuscular","Artiodactyla","Bovidae",47763.72,NA,NA,NA,NA,NA,NA,NA,177986.79,23.53,32.88,14.18,57.13,31.5,44.31,NA,"Capra nubiana",11.6628355920889,34.5458483376307,23.1043419648598
"Capra_pyrenaica","crepuscular","diurnal/crepuscular","Artiodactyla","Bovidae",60898.77,1200,2,NA,0.64,NA,NA,1,110472.5,39.02,42.03,36.01,2.38,-6.64,-2.13,NA,"Capra pyrenaica",36.381179307679,43.1618777718418,39.7715285397604
"Capra_sibirica","crepuscular","diurnal/crepuscular","Artiodactyla","Bovidae",130000,NA,NA,NA,NA,NA,NA,NA,2802214.24,43.53,55.63,31.43,106.03,61.59,83.81,NA,"Capra sibirica",31.7476355929084,53.1721355926835,42.4598855927959
"Capra_walie","crepuscular","cathemeral/crepuscular","Artiodactyla","Bovidae",100144.02,NA,NA,1,NA,NA,1,NA,4294.5,13.35,13.63,13.07,38.75,37.94,38.34,NA,"Capra walie",13.1296355923088,13.4591355923338,13.2943855923213
"Capreolus_capreolus","crepuscular","cathemeral/crepuscular","Artiodactyla","Cervidae",22502.01,NA,NA,1,0.52,NA,1,NA,6777177.58,51.25,67.62,34.89,54.05,-8.46,22.79,NA,"Capreolus capreolus",31.8988355930001,68.6237355920001,50.2612855925001
"Capreolus_pygargus","crepuscular","nocturnal/crepuscular","Artiodactyla","Cervidae",41371.03,1320,NA,1,0.99,NA,1,NA,9816965.75,46.94,62.64,31.25,139.56,41.85,90.7,NA,"Capreolus pygargus",29.483235592,63.5705355920001,46.526885592
"Capricornis_crispus","cathemeral","cathemeral","Artiodactyla","Bovidae",43030.64,NA,NA,NA,0.11,NA,NA,NA,113318.46,36.75,41.54,31.96,142.07,130.84,136.45,NA,"Capricornis crispus",31.9693843849814,41.5462341310004,36.7578092579909
"Capricornis_milneedwardsii",NA,NA,"Artiodactyla","Bovidae",NA,NA,NA,NA,NA,NA,NA,NA,2334828.77,21.61,35.55,7.68,122.13,93.18,107.66,NA,NA,NA,NA,NA
"Capricornis_rubidus","cathemeral","cathemeral","Artiodactyla","Bovidae",NA,NA,NA,NA,NA,NA,NA,NA,21552.31,26.69,27.94,25.43,98.56,97.49,98.02,NA,"Capricornis rubidus",21.5860355910356,28.2764355918281,24.9312355914319
"Capricornis_sumatraensis","cathemeral","cathemeral","Artiodactyla","Bovidae",110942.22,1449.99,2,NA,NA,NA,NA,1,237174.87,1.52,8.99,-5.94,104.72,95.18,99.95,0.924633731757058,"Capricornis sumatraensis",-5.94506399960386,36.5736359999015,15.3142860001488
"Capricornis_swinhoei","crepuscular","nocturnal/crepuscular","Artiodactyla","Bovidae",NA,NA,NA,NA,NA,NA,NA,NA,11915.86,23.57,25.01,22.13,121.72,120.56,121.14,NA,"Capricornis swinhoei",22.245435593,24.9962355930001,23.620835593
"Capricornis_thar","crepuscular","cathemeral/crepuscular","Artiodactyla","Bovidae",NA,NA,NA,NA,NA,NA,NA,NA,272208.21,27.93,34.6,21.26,96.07,74.1,85.09,NA,NA,NA,NA,NA
"Catagonus_wagneri","crepuscular","diurnal/crepuscular","Artiodactyla","Tayassuidae",35566.4,1025.93,6,1,7,5.75,1,2,329880.88,-23.08,-19.59,-26.58,-58.41,-64.64,-61.53,NA,"Catagonus wagneri",-26.121464408,-18.449164407,-22.2853144075
"Cephalophus_adersi","crepuscular","diurnal/crepuscular","Artiodactyla","Bovidae",9249.95,690,4,1,NA,NA,1,1,3824.3,-4.78,-3.09,-6.47,40.13,39.18,39.65,NA,"Cephalophus adersi",-6.47613525399993,-1.35353999999995,-3.91483762699994
"Cephalophus_brookei",NA,NA,"Artiodactyla","Bovidae",NA,NA,NA,NA,NA,NA,NA,NA,356101.47,6.65,8.95,4.35,-0.43,-13.16,-6.8,NA,NA,NA,NA,NA
"Cephalophus_callipygus","diurnal","diurnal","Artiodactyla","Bovidae",19079.23,1014.28,3,1,0.32,NA,1,1,788397.64,-0.41,5.23,-6.05,22.7,8.69,15.7,NA,"Cephalophus callipygus",-4.52216440799998,5.02023559200006,0.249035592000041
"Cephalophus_dorsalis","nocturnal","nocturnal","Artiodactyla","Bovidae",20000,849.99,4,1,0.27,1,1,2,2874503.05,1.14,9.35,-7.06,30.66,-13.29,8.68,NA,"Cephalophus dorsalis",-10.8545644079999,12.5784355920001,0.861935592000066
"Cephalophus_harveyi","crepuscular","cathemeral/crepuscular",NA,NA,NA,NA,NA,NA,NA,NA,NA,NA,NA,NA,NA,NA,NA,NA,NA,NA,"Cephalophus harveyi",-13.350664407,6.81563559200004,-3.26751440749996
"Cephalophus_jentinki","diurnal","diurnal","Artiodactyla","Bovidae",68489.54,1349.99,4,NA,NA,NA,NA,1,130952.07,6.79,9.22,4.35,-4.91,-13.2,-9.05,NA,"Cephalophus jentinki",4.83623453100006,9.29473559300004,7.06548506200005
"Cephalophus_leucogaster","diurnal","diurnal","Artiodactyla","Bovidae",13208.69,939.32,5,1,NA,NA,1,2,1396673.01,-0.45,5.15,-6.05,30.64,8.69,19.67,NA,"Cephalophus leucogaster",-5.68289432899996,4.27843559300004,-0.702229367999962
"Cephalophus_natalensis","crepuscular","cathemeral/crepuscular","Artiodactyla","Bovidae",12724.51,786.14,4,1,0.06,2,1,1,1208751.28,-19.25,-7.38,-31.13,40.84,29.23,35.03,NA,"Cephalophus natalensis",-29.940664408,-6.71996440699996,-18.3303144075
"Cephalophus_niger","cathemeral","cathemeral","Artiodactyla","Bovidae",19094.32,1041.8,7,1,NA,NA,1,2,726891.4,6.79,9.29,4.29,6.75,-13.29,-3.26,NA,"Cephalophus niger",4.29343559300003,10.008535593,7.15098559300003
"Cephalophus_nigrifrons","diurnal","diurnal","Artiodactyla","Bovidae",14676.33,944.21,4,1,NA,NA,1,1,2766201.07,-2.36,5.12,-9.85,37.79,8.69,23.24,NA,"Cephalophus nigrifrons",-11.3570644069999,5.87333559300004,-2.74186440699995
"Cephalophus_ogilbyi","diurnal","diurnal","Artiodactyla","Bovidae",18386.42,1000,NA,NA,0.07,NA,NA,NA,231511.16,1.84,7.15,-3.46,12.62,5.99,9.31,NA,"Cephalophus ogilbyi",-3.95053590399993,9.89903559200008,2.97424984400007
"Cephalophus_rufilatus","crepuscular","diurnal/crepuscular","Artiodactyla","Bovidae",12114.57,650,5,1,NA,1,1,2,3098970.49,9.41,16.1,2.73,31.61,-17.53,7.03,NA,"Cephalophus rufilatus",1.88833559300002,15.0020355930001,8.44518559300005
"Cephalophus_silvicultor","nocturnal","nocturnal","Artiodactyla","Bovidae",62006.6,1324.76,5,1,NA,1,1,2,6018051.89,-1.89,13.58,-17.38,37.39,-16.79,10.29,NA,"Cephalophus silvicultor",-17.381464407,13.1637355930001,-2.10886440699994
"Cephalophus_spadix","nocturnal","nocturnal","Artiodactyla","Bovidae",56857.02,1174.48,3,1,NA,NA,1,1,36583.37,-6.04,-2.6,-9.48,38.83,33.33,36.08,NA,"Cephalophus spadix",-9.23556440799996,-2.85376440699997,-6.04466440749997
"Cephalophus_weynsi","diurnal","diurnal","Artiodactyla","Bovidae",NA,NA,NA,NA,NA,NA,NA,NA,1692834.41,-0.83,5.14,-6.81,37.26,16.17,26.72,NA,"Cephalophus weynsi",-6.56486440699996,5.47383559300005,-0.545514406999956
"Cephalophus_zebra","cathemeral","cathemeral","Artiodactyla","Bovidae",15654.75,874.99,3,1,NA,NA,1,2,171546.51,6.45,8.55,4.35,-5.5,-11.79,-8.64,NA,"Cephalophus zebra",4.83623453100006,8.53598409100005,6.68610931100005
"Cephalorhynchus_commersonii","cathemeral","cathemeral",NA,NA,NA,NA,NA,NA,NA,NA,NA,NA,NA,NA,NA,NA,NA,NA,NA,NA,"Cephalorhynchus commersonii",-56.1131552699999,-42.090212655,-49.1016839624999
"Cephalorhynchus_eutropia","cathemeral","cathemeral",NA,NA,NA,NA,NA,NA,NA,NA,NA,NA,NA,NA,NA,NA,NA,NA,NA,NA,"Cephalorhynchus eutropia",-55.9977012649999,-33.092932827,-44.545317046
"Cephalorhynchus_heavisidii","crepuscular","nocturnal/crepuscular",NA,NA,NA,NA,NA,NA,NA,NA,NA,NA,NA,NA,NA,NA,NA,NA,NA,NA,"Cephalorhynchus heavisidii",-34.27205658,-14.7037258149999,-24.4878911974999
"Cephalorhynchus_hectori","cathemeral","cathemeral",NA,NA,NA,NA,NA,NA,NA,NA,NA,NA,NA,NA,NA,NA,NA,NA,NA,NA,"Cephalorhynchus hectori",-47.0779362919999,-35.6400833129999,-41.3590098024999
"Cervus_albirostris","crepuscular","cathemeral/crepuscular","Artiodactyla","Cervidae",161681.9,NA,NA,NA,NA,NA,NA,NA,1061382.86,33.72,39.57,27.88,103.96,91.7,97.83,NA,"Cervus albirostris",27.951235593,39.7192355920001,33.8352355925001
"Cervus_canadensis","crepuscular","cathemeral/crepuscular",NA,NA,NA,NA,NA,NA,NA,NA,NA,NA,NA,NA,NA,NA,NA,NA,NA,NA,"Cervus canadensis",27.6430900003033,60.8276355918092,44.2353627960563
"Cervus_elaphus","crepuscular","cathemeral/crepuscular","Artiodactyla","Cervidae",240867.13,2136.72,5,1,58.42,17.5,1,1,14167735.33,46.41,64.59,28.23,141.54,-124.73,8.4,NA,"Cervus elaphus",33.4545552665124,66.9612355921489,50.2078954293306
"Cervus_hanglu",NA,NA,NA,NA,NA,NA,NA,NA,NA,NA,NA,NA,NA,NA,NA,NA,NA,NA,NA,NA,"Cervus hanglu",33.973657861,44.35595025,39.1648040555
"Cervus_nippon","crepuscular","cathemeral/crepuscular","Artiodactyla","Cervidae",52999.99,1200.51,2,1,1.43,7.5,1,1,2714652.61,33.97,47.71,20.22,145.82,107.98,126.9,0.925512852639037,"Cervus nippon",18.318335593,45.5944355930001,31.956385593
"Choeropsis_liberiensis","crepuscular","nocturnal/crepuscular","Artiodactyla","Hippopotamidae",235001.16,1600,4,2,0.72,1.25,1,1,35806.59,8.28,12.29,4.27,7.33,-15.59,-4.13,NA,"Choeropsis liberiensis",4.27714395400005,9.93161000000003,7.10437697700004
"Connochaetes_gnou","diurnal","diurnal","Artiodactyla","Bovidae",156547.53,1821.79,2,1,0.95,26.75,1,1,132200.71,-28.83,-26.92,-30.73,29.61,24.14,26.87,0.895247878526611,"Connochaetes gnou",-32.947264407,-25.702264407,-29.324764407
"Connochaetes_taurinus","crepuscular","diurnal/crepuscular","Artiodactyla","Bovidae",198619.68,2014.99,1,1,NA,20,1,1,3201113.49,-15.63,-0.82,-30.44,39.88,13.13,26.5,NA,"Connochaetes taurinus",-30.603064407,-0.776264406999928,-15.689664407
"Dama_dama","crepuscular","diurnal/crepuscular","Artiodactyla","Cervidae",57224.61,NA,2,1,0.71,10.5,1,1,3081759.24,48.26,60.52,36.01,34.67,-10.47,12.09,0.916186638654918,"Dama dama",34.899835593,60.519635593,47.709735593
"Dama_mesopotamica","crepuscular","nocturnal/crepuscular",NA,NA,NA,NA,NA,NA,NA,NA,NA,NA,NA,NA,NA,NA,NA,NA,NA,NA,"Dama mesopotamica",29.5478355920001,37.579235592,33.5635355920001
"Damaliscus_korrigum",NA,NA,"Artiodactyla","Bovidae",127194.87,NA,NA,NA,NA,NA,NA,NA,3278531.91,2.59,15.28,-10.09,45.33,-0.003893153,22.66,NA,NA,NA,NA,NA
"Damaliscus_lunatus","crepuscular","diurnal/crepuscular","Artiodactyla","Bovidae",136000.33,1700,1,1,NA,3.6,1,1,1266510.5,-16.46,-6.24,-26.69,32.16,17.54,24.85,NA,"Damaliscus lunatus",-26.6915644069999,12.969835592,-6.86086440749995
"Damaliscus_pygargus","diurnal","diurnal","Artiodactyla","Bovidae",77784.55,NA,NA,NA,NA,NA,NA,NA,370656.19,-29.5,-24.59,-34.41,30.66,19.82,25.24,NA,"Damaliscus pygargus",-34.839764407,-24.402864407,-29.621314407
"Damaliscus_superstes",NA,NA,"Artiodactyla","Bovidae",NA,NA,NA,NA,NA,NA,NA,NA,NA,NA,NA,NA,NA,NA,NA,NA,NA,NA,NA,NA
"Delphinapterus_leucas","diurnal","diurnal",NA,NA,NA,NA,NA,NA,NA,NA,NA,NA,NA,NA,NA,NA,NA,NA,NA,NA,"Delphinapterus leucas",44.5127711540001,83.1683669780001,63.8405690660001
"Delphinus_delphis","nocturnal","nocturnal",NA,NA,NA,NA,NA,NA,NA,NA,NA,NA,NA,NA,NA,NA,NA,NA,NA,NA,"Delphinus delphis",-51.3945897241364,62.6856355928084,5.64552293433599
"Dorcatragus_megalotis","crepuscular","diurnal/crepuscular","Artiodactyla","Bovidae",10918.12,779.98,3,1,NA,7,1,1,77951.19,10.21,11.69,8.73,51,42.29,46.64,NA,"Dorcatragus megalotis",8.68738395200006,11.742426575,10.2149052635
"Elaphodus_cephalophus","crepuscular","cathemeral/crepuscular","Artiodactyla","Cervidae",23087.87,NA,NA,NA,NA,NA,NA,NA,1959738.34,27.88,33.65,22.11,122.13,96.23,109.18,NA,"Elaphodus cephalophus",22.1186355930001,34.083435593,28.1010355930001
"Elaphurus_davidianus","diurnal","diurnal","Artiodactyla","Cervidae",165989.17,NA,2,1,NA,NA,1,1,NA,NA,NA,NA,NA,NA,NA,0.910904402448314,"Elaphurus davidianus",29.749735592,39.1325355930001,34.4411355925
"Eschrichtius_robustus","cathemeral","cathemeral",NA,NA,NA,NA,NA,NA,NA,NA,NA,NA,NA,NA,NA,NA,NA,NA,NA,NA,"Eschrichtius robustus",19.9174804690001,72.398035593,46.157758031
"Eubalaena_australis","crepuscular","nocturnal/crepuscular",NA,NA,NA,NA,NA,NA,NA,NA,NA,NA,NA,NA,NA,NA,NA,NA,NA,NA,"Eubalaena australis",-68.631286621,-12.1810789109999,-40.4061827659999
"Eubalaena_glacialis","crepuscular","cathemeral/crepuscular",NA,NA,NA,NA,NA,NA,NA,NA,NA,NA,NA,NA,NA,NA,NA,NA,NA,NA,"Eubalaena glacialis",22.6248493193407,71.5981782469286,47.1115137831347
"Eubalaena_japonica","nocturnal","nocturnal",NA,NA,NA,NA,NA,NA,NA,NA,NA,NA,NA,NA,NA,NA,NA,NA,NA,NA,"Eubalaena japonica",24.422005459,66.391662597,45.406834028
"Eudorcas_albonotata","crepuscular","diurnal/crepuscular",NA,NA,NA,NA,NA,NA,NA,NA,NA,NA,NA,NA,NA,NA,NA,NA,NA,NA,"Eudorcas albonotata",4.84403559300006,9.33333559300007,7.08868559300006
"Eudorcas_rufifrons","crepuscular","cathemeral/crepuscular","Artiodactyla","Bovidae",26999.77,885,NA,1,NA,NA,1,NA,3084371.64,13.8,18.9,8.7,39,-17.53,10.73,NA,"Eudorcas rufifrons",8.93973559200003,17.419735593,13.1797355925
"Eudorcas_rufina",NA,NA,"Artiodactyla","Bovidae",39999.99,NA,NA,NA,NA,NA,NA,NA,NA,NA,NA,NA,NA,NA,NA,NA,NA,NA,NA,NA
"Eudorcas_thomsonii","crepuscular","diurnal/crepuscular","Artiodactyla","Bovidae",22907.43,885,2,1,NA,NA,1,1,515821.13,1.91,9.45,-5.61,38.38,30.41,34.4,NA,"Eudorcas thomsonii",-5.26326440699995,1.21863559300004,-2.02231440699995
"Eudorcas_tilonura",NA,NA,NA,NA,NA,NA,NA,NA,NA,NA,NA,NA,NA,NA,NA,NA,NA,NA,NA,NA,"Eudorcas tilonura",12.3619355920001,19.3961355920001,15.8790355920001
"Feresa_attenuata","nocturnal","nocturnal",NA,NA,NA,NA,NA,NA,NA,NA,NA,NA,NA,NA,NA,NA,NA,NA,NA,NA,"Feresa attenuata",-36.5689519329994,44.3965737809998,3.91381092400024
"Gazella_arabica",NA,NA,"Artiodactyla","Bovidae",24124.67,1000,2,NA,NA,NA,NA,1,17363.03,13.73,14.41,13.05,45.72,43.57,44.65,NA,"Gazella arabica",12.9373355930001,29.6533355930001,21.2953355930001
"Gazella_bennettii","crepuscular","nocturnal/crepuscular","Artiodactyla","Bovidae",18916.67,NA,NA,NA,NA,NA,NA,NA,1733312.37,24.85,34.26,15.43,84.07,64.49,74.28,NA,"Gazella bennettii",15.439235592,35.8467355920001,25.6429855920001
"Gazella_cuvieri","crepuscular","cathemeral/crepuscular","Artiodactyla","Bovidae",NA,NA,NA,NA,NA,NA,NA,NA,1047003.29,30.43,37.09,23.78,10.11,-15.82,-2.85,NA,"Gazella cuvieri",26.755384249,36.128989846,31.4421870475
"Gazella_dorcas","crepuscular","diurnal/crepuscular","Artiodactyla","Bovidae",15635.95,965.68,6,1,15.52,6.75,1,2,10374953.94,23.6,37.34,9.86,49.71,-17.1,16.3,0.895544591154481,"Gazella dorcas",10.3248081420001,35.453826904,22.889317523
"Gazella_erlangeri",NA,NA,"Artiodactyla","Bovidae",NA,NA,NA,NA,NA,NA,NA,NA,153353.23,14.99,17.38,12.59,46.73,42.59,44.66,NA,NA,NA,NA,NA
"Gazella_gazella","crepuscular","cathemeral/crepuscular","Artiodactyla","Bovidae",21306.83,1012.85,3,1,1.46,7.2,1,1,1151478.67,23.49,34.39,12.59,59.83,34.37,47.1,NA,"Gazella gazella",30.7847355920001,36.5763104910001,33.6805230415001
"Gazella_leptoceros","cathemeral","cathemeral","Artiodactyla","Bovidae",24645.75,1032.67,2,1,NA,NA,1,1,2188576.06,24.82,34.3,15.34,30.94,-8.69,11.12,NA,"Gazella leptoceros",17.8137355920001,33.9273355930001,25.8705355925001
"Gazella_marica","crepuscular","nocturnal/crepuscular",NA,NA,NA,NA,NA,NA,NA,NA,NA,NA,NA,NA,NA,NA,NA,NA,NA,NA,"Gazella marica",15.096935592,37.5867355930001,26.3418355925
"Gazella_saudiya",NA,NA,"Artiodactyla","Bovidae",16000,NA,NA,NA,NA,NA,NA,NA,NA,NA,NA,NA,NA,NA,NA,NA,NA,NA,NA,NA
"Gazella_spekei","crepuscular","cathemeral/crepuscular","Artiodactyla","Bovidae",20000,885,NA,1,NA,14.25,1,NA,170828.32,6.47,10.91,2.02,51.41,44,47.71,NA,"Gazella spekei",2.21733559300003,10.485935593,6.35163559300003
"Gazella_subgutturosa","crepuscular","cathemeral/crepuscular","Artiodactyla","Bovidae",26981.37,957.35,3,1,NA,5.5,1,1,8787218.98,32.06,49.21,14.92,117.89,33.79,75.84,NA,"Gazella subgutturosa",25.742235593,50.164335592,37.9532855925
"Giraffa_camelopardalis","crepuscular","cathemeral/crepuscular","Artiodactyla","Giraffidae",964654.73,4177.03,5,1,81.52,100,1,1,2791592.69,-4.62,16.35,-25.59,41.12,0.64,20.88,NA,"Giraffa camelopardalis",-29.265613882,14.6057128910001,-7.32995049549996
"Globicephala_macrorhynchus","nocturnal","nocturnal",NA,NA,NA,NA,NA,NA,NA,NA,NA,NA,NA,NA,NA,NA,NA,NA,NA,NA,"Globicephala macrorhynchus",-38.1775413219995,58.1619033369958,9.99218100749817
"Globicephala_melas","nocturnal","nocturnal",NA,NA,NA,NA,NA,NA,NA,NA,NA,NA,NA,NA,NA,NA,NA,NA,NA,NA,"Globicephala melas",-66.7018308509996,72.9358419690001,3.11700555900023
"Grampus_griseus","crepuscular","nocturnal/crepuscular",NA,NA,NA,NA,NA,NA,NA,NA,NA,NA,NA,NA,NA,NA,NA,NA,NA,NA,"Grampus griseus",-53.0917198559999,61.505149841,4.20671499250005
"Hemitragus_jemlahicus","crepuscular","cathemeral/crepuscular","Artiodactyla","Bovidae",68616.43,NA,2,NA,NA,NA,NA,1,130100.31,30.09,33.52,26.66,89.82,75.69,82.76,NA,"Hemitragus jemlahicus",26.9698008071616,33.687078404345,30.3284396057533
"Hippocamelus_antisensis","diurnal","diurnal","Artiodactyla","Cervidae",68599.35,1550,2,1,NA,7.3,1,1,993123.79,-13.36,2.63,-29.36,-65.5,-78.72,-72.11,NA,"Hippocamelus antisensis",-27.061564408,-7.26756440799994,-17.164564408
"Hippocamelus_bisulcus","diurnal","diurnal","Artiodactyla","Cervidae",69240.81,1550,2,1,0.86,1.9,1,1,121225.02,-43.63,-36.52,-50.74,-71.09,-75.47,-73.28,NA,"Hippocamelus bisulcus",-53.800824964,-36.523292538,-45.162058751
"Hippopotamus_amphibius","crepuscular","nocturnal/crepuscular","Artiodactyla","Hippopotamidae",1536310.4,NA,2,2,NA,NA,1,2,1849389.21,-6.86,13.59,-27.33,42.88,-15.16,13.85,NA,"Hippopotamus amphibius",-28.5085819189999,14.38572,-7.06143095949994
"Hippotragus_equinus","diurnal","diurnal","Artiodactyla","Bovidae",264173.96,1150,5,1,NA,12,1,1,8018853.26,-4.58,16.13,-25.3,38.45,-17.53,10.45,NA,"Hippotragus equinus",-25.4811644069999,14.5247355930001,-5.47821440699994
"Hippotragus_leucophaeus",NA,NA,"Artiodactyla","Bovidae",149999.99,NA,NA,NA,NA,NA,NA,NA,NA,NA,NA,NA,NA,NA,NA,NA,NA,NA,NA,NA
"Hippotragus_niger","crepuscular","diurnal/crepuscular","Artiodactyla","Bovidae",236405.9,2035,5,1,NA,15,1,1,3149646.92,-13.63,-1.84,-25.41,40.84,16.24,28.54,NA,"Hippotragus niger",-25.805264407,-2.97086440799995,-14.3880644075
"Hydropotes_inermis","crepuscular","cathemeral/crepuscular","Artiodactyla","Cervidae",12760.04,NA,NA,NA,NA,NA,NA,NA,1140413.15,28.91,34.93,22.89,122.13,106.81,114.47,NA,"Hydropotes inermis",28.766455062,39.8976355930001,34.3320453275001
"Hyemoschus_aquaticus","nocturnal","nocturnal","Artiodactyla","Tragulidae",10850,750,1,1,0.2,1,1,1,2571576.3,1.1,8.56,-6.35,31.51,-13.19,9.15,NA,"Hyemoschus aquaticus",-8.65076440799993,11.7527084500001,1.55097202100006
"Hylochoerus_meinertzhageni","diurnal","diurnal","Artiodactyla","Suidae",198130.47,2028.75,2,1,NA,10,1,1,2227871.01,3.65,11.77,-4.45,41.41,-14.78,13.31,NA,"Hylochoerus meinertzhageni",-4.48316440799994,11.5552355930001,3.53603559250007
"Hyperoodon_ampullatus","cathemeral","cathemeral",NA,NA,NA,NA,NA,NA,NA,NA,NA,NA,NA,NA,NA,NA,NA,NA,NA,NA,"Hyperoodon ampullatus",14.1523189540001,75.102571487,44.6274452205001
"Hyperoodon_planifrons","crepuscular","diurnal/crepuscular",NA,NA,NA,NA,NA,NA,NA,NA,NA,NA,NA,NA,NA,NA,NA,NA,NA,NA,"Hyperoodon planifrons",-79.9519042968922,-19.5227050774855,-49.7373046871888
"Indopacetus_pacificus","crepuscular","nocturnal/crepuscular",NA,NA,NA,NA,NA,NA,NA,NA,NA,NA,NA,NA,NA,NA,NA,NA,NA,NA,"Indopacetus pacificus",-29.9181417367042,37.0621062823665,3.57198227283118
"Inia_araguaiaensis",NA,NA,NA,NA,NA,NA,NA,NA,NA,NA,NA,NA,NA,NA,NA,NA,NA,NA,NA,NA,NA,NA,NA,NA
"Inia_boliviensis","nocturnal","nocturnal",NA,NA,NA,NA,NA,NA,NA,NA,NA,NA,NA,NA,NA,NA,NA,NA,NA,NA,NA,NA,NA,NA
"Inia_geoffrensis","cathemeral","cathemeral",NA,NA,NA,NA,NA,NA,NA,NA,NA,NA,NA,NA,NA,NA,NA,NA,NA,NA,"Inia geoffrensis",-18.0616363789999,9.63607641400006,-4.21277998249994
"Inia_humboldtiana","nocturnal","nocturnal",NA,NA,NA,NA,NA,NA,NA,NA,NA,NA,NA,NA,NA,NA,NA,NA,NA,NA,NA,NA,NA,NA
"Kobus_ellipsiprymnus","crepuscular","cathemeral/crepuscular","Artiodactyla","Bovidae",204393.48,NA,2,1,1.28,12,1,1,10067123.88,-6.47,16.11,-29.06,45.62,-16.79,14.41,0.924841213787579,"Kobus ellipsiprymnus",-28.758664407,16.1153355920001,-6.32166440749995
"Kobus_kob","cathemeral","cathemeral","Artiodactyla","Bovidae",80035.21,1700,1,1,99.57,40,1,1,3179796.65,6.17,14.7,-2.34,35.8,-16.79,9.5,NA,"Kobus kob",-1.04686440699993,15.7312355930001,7.34218559300007
"Kobus_leche","diurnal","diurnal","Artiodactyla","Bovidae",88645.04,NA,2,2,NA,20,1,1,229752.09,-14.22,-8.41,-20.04,32.05,17.16,24.61,NA,"Kobus leche",-20.0259644079999,-8.31756440799995,-14.1717644079999
"Kobus_megaceros","crepuscular","cathemeral/crepuscular","Artiodactyla","Bovidae",85805.93,NA,NA,NA,NA,NA,NA,NA,82555.03,8.02,9.98,6.05,34.12,29.67,31.9,NA,"Kobus megaceros",6.18873559200006,10.251235593,8.21998559250005
"Kobus_vardonii","crepuscular","nocturnal/crepuscular","Artiodactyla","Bovidae",71462.72,1340,2,1,NA,5.5,1,1,1026509.33,-10.68,-2.73,-18.63,37.46,17.41,27.43,NA,"Kobus vardonii",-17.408064408,-4.11616440699993,-10.7621144075
"Kogia_breviceps","crepuscular","nocturnal/crepuscular",NA,NA,NA,NA,NA,NA,NA,NA,NA,NA,NA,NA,NA,NA,NA,NA,NA,NA,"Kogia breviceps",-48.2377036349845,57.2283809247347,4.49533864487508
"Kogia_sima","cathemeral","cathemeral",NA,NA,NA,NA,NA,NA,NA,NA,NA,NA,NA,NA,NA,NA,NA,NA,NA,NA,"Kogia sima",-40.6255511545618,45.9753990219472,2.67492393369269
"Lagenodelphis_hosei","nocturnal","nocturnal",NA,NA,NA,NA,NA,NA,NA,NA,NA,NA,NA,NA,NA,NA,NA,NA,NA,NA,"Lagenodelphis hosei",-35.944691281,41.0432817970001,2.54929525800006
"Lagenorhynchus_acutus","nocturnal","nocturnal",NA,NA,NA,NA,NA,NA,NA,NA,NA,NA,NA,NA,NA,NA,NA,NA,NA,NA,"Lagenorhynchus acutus",39.0621738431484,77.4055118558875,58.2338428495179
"Lagenorhynchus_albirostris","crepuscular","nocturnal/crepuscular",NA,NA,NA,NA,NA,NA,NA,NA,NA,NA,NA,NA,NA,NA,NA,NA,NA,NA,"Lagenorhynchus albirostris",40.579750061,79.9926395410001,60.2861948010001
"Lagenorhynchus_australis","nocturnal","nocturnal",NA,NA,NA,NA,NA,NA,NA,NA,NA,NA,NA,NA,NA,NA,NA,NA,NA,NA,"Lagenorhynchus australis",-60.7243984049999,-32.834366841,-46.7793826229999
"Lagenorhynchus_cruciger","nocturnal","nocturnal",NA,NA,NA,NA,NA,NA,NA,NA,NA,NA,NA,NA,NA,NA,NA,NA,NA,NA,"Lagenorhynchus cruciger",-68.501262475,-32.476634695,-50.488948585
"Lagenorhynchus_obliquidens","crepuscular","cathemeral/crepuscular",NA,NA,NA,NA,NA,NA,NA,NA,NA,NA,NA,NA,NA,NA,NA,NA,NA,NA,"Lagenorhynchus obliquidens",21.310639656,61.5051497760001,41.407894716
"Lagenorhynchus_obscurus","crepuscular","nocturnal/crepuscular",NA,NA,NA,NA,NA,NA,NA,NA,NA,NA,NA,NA,NA,NA,NA,NA,NA,NA,"Lagenorhynchus obscurus",-55.290650888128,-8.21798721673662,-31.7543190524323
"Lama_glama","diurnal","diurnal","Artiodactyla","Camelidae",78322.67,1595.1,2,1,NA,NA,1,1,NA,NA,NA,NA,NA,NA,NA,0.887149176422672,NA,NA,NA,NA
"Lama_guanicoe","diurnal","diurnal",NA,NA,NA,NA,NA,NA,NA,NA,NA,NA,NA,NA,NA,NA,NA,NA,NA,NA,"Lama guanicoe",-55.061313634,-9.32188036099996,-32.1915969975
"Lipotes_vexillifer","diurnal","diurnal",NA,NA,NA,NA,NA,NA,NA,NA,NA,NA,NA,NA,NA,NA,NA,NA,NA,NA,"Lipotes vexillifer",28.369538086,32.267268465,30.3184032755
"Lissodelphis_borealis","nocturnal","nocturnal",NA,NA,NA,NA,NA,NA,NA,NA,NA,NA,NA,NA,NA,NA,NA,NA,NA,NA,"Lissodelphis borealis",30.1853098330001,51.272307971,40.7288089020001
"Lissodelphis_peronii","nocturnal","nocturnal",NA,NA,NA,NA,NA,NA,NA,NA,NA,NA,NA,NA,NA,NA,NA,NA,NA,NA,"Lissodelphis peronii",-62.6091690709999,-9.69136516599997,-36.1502671185
"Litocranius_walleri","crepuscular","diurnal/crepuscular","Artiodactyla","Bovidae",38804.37,1500,1,1,NA,8,1,1,1594552.7,2.96,11.64,-5.72,51.01,35.26,43.14,NA,"Litocranius walleri",-5.67026440699993,11.5541355930001,2.94193559300007
"Madoqua_guentheri","diurnal","diurnal","Artiodactyla","Bovidae",4623.7,612.07,6,1,0.03,6.25,1,1,1526489.41,4.34,11.23,-2.54,50.52,31.43,40.98,NA,"Madoqua guentheri",-2.54226440699995,9.85786479400002,3.65780019350004
"Madoqua_kirkii","cathemeral","cathemeral","Artiodactyla","Bovidae",4833.4,654.27,5,1,NA,2.5,1,1,1734714.03,-6.58,11.03,-24.2,50.58,11.71,31.14,NA,"Madoqua kirkii",-24.2071644069999,2.84593559200005,-10.6806144074999
"Madoqua_piacentinii","crepuscular","diurnal/crepuscular","Artiodactyla","Bovidae",2500,NA,2,NA,NA,NA,NA,1,30486.05,4.13,6.06,2.2,48.96,45.62,47.29,NA,"Madoqua piacentinii",2.20583559300007,7.79904725300003,5.00244142300005
"Madoqua_saltiana","crepuscular","cathemeral/crepuscular","Artiodactyla","Bovidae",3424.47,595,2,NA,NA,1.5,NA,1,1219720.78,9.77,19.33,0.2,51.41,35.96,43.68,NA,"Madoqua saltiana",0.953535592000037,18.315835592,9.63468559200004
"Mazama_americana","crepuscular","nocturnal/crepuscular","Artiodactyla","Cervidae",20546.86,NA,2,1,NA,1,1,1,12346897.93,-9.86,12.46,-32.18,-34.79,-78.03,-56.41,NA,"Mazama americana",-27.5445644079999,12.4633355930001,-7.54061440749993
"Mazama_bororo","nocturnal","nocturnal","Artiodactyla","Cervidae",NA,NA,NA,NA,NA,NA,NA,NA,28312.32,-24.65,-23.54,-25.75,-47.65,-49.64,-48.65,NA,"Mazama bororo",-29.459899902,-21.038513184,-25.249206543
"Mazama_bricenii","nocturnal","nocturnal","Artiodactyla","Cervidae",16499.85,NA,NA,1,NA,NA,1,NA,83134.92,6.18,10.48,1.88,-69.31,-75.83,-72.57,NA,"Mazama bricenii",4.96023559300005,10.975935593,7.96808559300004
"Mazama_chunyi","nocturnal","nocturnal","Artiodactyla","Cervidae",16071.74,NA,NA,1,NA,NA,1,NA,112162.09,-14.26,-11.16,-17.37,-66.87,-73.16,-70.01,NA,"Mazama chunyi",-17.5613644069999,-11.1625644069999,-14.3619644069999
"Mazama_gouazoubira","crepuscular","cathemeral/crepuscular","Artiodactyla","Cervidae",16633.17,918.25,2,1,NA,1,1,1,12556119.02,-10.9,11.66,-33.47,-34.79,-79.14,-56.96,NA,"Mazama gouazoubira",-34.4921331749999,8.31824588800004,-13.0869436434999
"Mazama_nana","nocturnal","nocturnal","Artiodactyla","Cervidae",16499.85,NA,NA,1,NA,NA,1,NA,713883.95,-24.8,-20.15,-29.45,-42.26,-55.46,-48.86,NA,"Mazama nana",-29.849343188,-22.836583397,-26.3429632925
"Mazama_nemorivaga","crepuscular","diurnal/crepuscular",NA,NA,NA,NA,NA,NA,NA,NA,NA,NA,NA,NA,NA,NA,NA,NA,NA,NA,"Mazama nemorivaga",-16.532664407,11.6870355930001,-2.42281440699995
"Mazama_pandora","diurnal","diurnal","Artiodactyla","Cervidae",NA,NA,NA,NA,NA,NA,NA,NA,30465.15,20.26,21.31,19.21,-88.36,-90.5,-89.43,NA,"Mazama pandora",16.952835593,21.6098355930001,19.2813355930001
"Mazama_rufina","nocturnal","nocturnal","Artiodactyla","Cervidae",21099.25,NA,NA,1,NA,NA,1,NA,14703.63,-0.43,0.79,-1.67,-77.46,-78.65,-78.05,NA,"Mazama rufina",-5.96926440799996,6.02453559300005,0.0276355925000473
"Mazama_temama","cathemeral","cathemeral","Artiodactyla","Cervidae",NA,NA,NA,NA,NA,NA,NA,NA,586111.82,9.53,19.88,-0.82,-76.1,-94.98,-85.54,NA,"Mazama temama",6.43333559300004,23.8850355930001,15.159185593
"Megaptera_novaeangliae","cathemeral","cathemeral",NA,NA,NA,NA,NA,NA,NA,NA,NA,NA,NA,NA,NA,NA,NA,NA,NA,NA,"Megaptera novaeangliae",-77.1493766309999,80.4418925489992,1.64625795899966
"Mesoplodon_bidens","cathemeral","cathemeral",NA,NA,NA,NA,NA,NA,NA,NA,NA,NA,NA,NA,NA,NA,NA,NA,NA,NA,"Mesoplodon bidens",26.514886855951,71.6202297211784,49.0675582885647
"Mesoplodon_bowdoini",NA,NA,NA,NA,NA,NA,NA,NA,NA,NA,NA,NA,NA,NA,NA,NA,NA,NA,NA,NA,NA,NA,NA,NA
"Mesoplodon_carlhubbsi",NA,NA,NA,NA,NA,NA,NA,NA,NA,NA,NA,NA,NA,NA,NA,NA,NA,NA,NA,NA,NA,NA,NA,NA
"Mesoplodon_densirostris","cathemeral","cathemeral",NA,NA,NA,NA,NA,NA,NA,NA,NA,NA,NA,NA,NA,NA,NA,NA,NA,NA,"Mesoplodon densirostris",-41.4943644078153,64.8422355930985,11.6739355926416
"Mesoplodon_eueu",NA,NA,NA,NA,NA,NA,NA,NA,NA,NA,NA,NA,NA,NA,NA,NA,NA,NA,NA,NA,"Mesoplodon eueu",-45.298812838768,-23.5049494502788,-34.4018811445234
"Mesoplodon_europaeus","cathemeral","cathemeral",NA,NA,NA,NA,NA,NA,NA,NA,NA,NA,NA,NA,NA,NA,NA,NA,NA,NA,"Mesoplodon europaeus",-22.7905786378262,57.429620330895,17.3195208465344
"Mesoplodon_ginkgodens","nocturnal","nocturnal",NA,NA,NA,NA,NA,NA,NA,NA,NA,NA,NA,NA,NA,NA,NA,NA,NA,NA,NA,NA,NA,NA
"Mesoplodon_grayi",NA,NA,NA,NA,NA,NA,NA,NA,NA,NA,NA,NA,NA,NA,NA,NA,NA,NA,NA,NA,"Mesoplodon grayi",-68.9725952147572,-11.3862915038738,-40.1794433593155
"Mesoplodon_hectori",NA,NA,NA,NA,NA,NA,NA,NA,NA,NA,NA,NA,NA,NA,NA,NA,NA,NA,NA,NA,NA,NA,NA,NA
"Mesoplodon_hotaula","diurnal","diurnal",NA,NA,NA,NA,NA,NA,NA,NA,NA,NA,NA,NA,NA,NA,NA,NA,NA,NA,NA,NA,NA,NA
"Mesoplodon_layardii",NA,NA,NA,NA,NA,NA,NA,NA,NA,NA,NA,NA,NA,NA,NA,NA,NA,NA,NA,NA,"Mesoplodon layardii",-63.2385864259355,-23.7363891611914,-43.4874877935634
"Mesoplodon_mirus","crepuscular","diurnal/crepuscular",NA,NA,NA,NA,NA,NA,NA,NA,NA,NA,NA,NA,NA,NA,NA,NA,NA,NA,"Mesoplodon mirus",27.1790557144317,53.0451628481616,40.1121092812967
"Mesoplodon_perrini",NA,NA,NA,NA,NA,NA,NA,NA,NA,NA,NA,NA,NA,NA,NA,NA,NA,NA,NA,NA,"Mesoplodon perrini",20.413695077324,39.5148645455675,29.9642798114458
"Mesoplodon_peruvianus",NA,NA,NA,NA,NA,NA,NA,NA,NA,NA,NA,NA,NA,NA,NA,NA,NA,NA,NA,NA,"Mesoplodon peruvianus",-30.1054840126911,31.9146213517249,0.904568669516863
"Mesoplodon_stejnegeri","cathemeral","cathemeral",NA,NA,NA,NA,NA,NA,NA,NA,NA,NA,NA,NA,NA,NA,NA,NA,NA,NA,"Mesoplodon stejnegeri",32.6696355930001,63.390835592,48.0302355925
"Mesoplodon_traversii",NA,NA,NA,NA,NA,NA,NA,NA,NA,NA,NA,NA,NA,NA,NA,NA,NA,NA,NA,NA,NA,NA,NA,NA
"Monodon_monoceros","crepuscular","cathemeral/crepuscular",NA,NA,NA,NA,NA,NA,NA,NA,NA,NA,NA,NA,NA,NA,NA,NA,NA,NA,"Monodon monoceros",60.1572476490001,85.007173116,72.5822103825001
"Moschiola_indica","nocturnal","nocturnal",NA,NA,NA,NA,NA,NA,NA,NA,NA,NA,NA,NA,NA,NA,NA,NA,NA,NA,"Moschiola indica",8.06900024400005,29.0673355920001,18.5681679180001
"Moschiola_kathygre","nocturnal","nocturnal",NA,NA,NA,NA,NA,NA,NA,NA,NA,NA,NA,NA,NA,NA,NA,NA,NA,NA,"Moschiola kathygre",5.91683340100008,7.23403559200005,6.57543449650007
"Moschiola_meminna","nocturnal","nocturnal","Artiodactyla","Tragulidae",3130.95,540,NA,NA,NA,NA,NA,NA,1572492.46,14.97,24.02,5.91,87.96,72.61,80.28,0.985158817520145,"Moschiola meminna",6.22809087200005,9.83136081700007,8.02972584450006
"Moschus_anhuiensis","crepuscular","nocturnal/crepuscular","Artiodactyla","Moschidae",NA,NA,NA,NA,NA,NA,NA,NA,NA,NA,NA,NA,NA,NA,NA,NA,"Moschus anhuiensis",30.344535593,31.7606355930001,31.0525855930001
"Moschus_berezovskii","crepuscular","cathemeral/crepuscular","Artiodactyla","Moschidae",12477.41,899.99,2,NA,0.13,NA,NA,1,2263301.83,28.85,35.95,21.75,117.46,91.4,104.43,NA,"Moschus berezovskii",21.557435592,36.365235592,28.961335592
"Moschus_chrysogaster","crepuscular","nocturnal/crepuscular","Artiodactyla","Moschidae",13697.9,899.99,2,NA,0.13,1,NA,1,1480747.1,32.72,40.61,24.83,105.3,86.42,95.86,NA,"Moschus chrysogaster",27.2668355920001,40.614035593,33.9404355925001
"Moschus_cupreus","crepuscular","nocturnal/crepuscular","Artiodactyla","Moschidae",NA,NA,NA,NA,NA,NA,NA,NA,NA,NA,NA,NA,NA,NA,NA,NA,"Moschus cupreus",33.6638355920001,36.84858411,35.2562098510001
"Moschus_fuscus","crepuscular","nocturnal/crepuscular","Artiodactyla","Moschidae",13697.9,899.99,2,NA,0.13,NA,NA,1,121178.76,28.75,30.59,26.92,96.95,91.29,94.12,NA,"Moschus fuscus",25.0620355930001,30.277135592,27.6695855925001
"Moschus_leucogaster","crepuscular","nocturnal/crepuscular","Artiodactyla","Moschidae",NA,NA,NA,NA,NA,NA,NA,NA,NA,NA,NA,NA,NA,NA,NA,NA,"Moschus leucogaster",26.866535593,34.6974355930001,30.7819855930001
"Moschus_moschiferus","crepuscular","nocturnal/crepuscular","Artiodactyla","Moschidae",13315.57,899.99,3,NA,0.13,1,NA,1,8554234.6,53.39,72.5,34.28,166.34,83.41,124.87,NA,"Moschus moschiferus",34.2840003970001,68.9090355930001,51.5965179950001
"Muntiacus_atherodes","diurnal","diurnal","Artiodactyla","Cervidae",18939.1,994.99,2,NA,NA,NA,NA,1,108466.54,1.16,4.19,-1.86,117.33,115.15,116.24,NA,"Muntiacus atherodes",-4.18826440699996,7.03473559300005,1.42323559300004
"Muntiacus_crinifrons","crepuscular","cathemeral/crepuscular","Artiodactyla","Cervidae",18590.01,NA,4,NA,NA,NA,NA,2,128303.4,29.44,31.8,27.08,120.6,116.66,118.63,NA,"Muntiacus crinifrons",27.360635593,31.2792355930001,29.3199355930001
"Muntiacus_feae","diurnal","diurnal","Artiodactyla","Cervidae",21999.99,NA,4,NA,NA,NA,NA,2,14346.43,15.02,16.39,13.64,98.87,97.86,98.37,NA,"Muntiacus feae",8.48103559300006,16.7004355930001,12.5907355930001
"Muntiacus_gongshanensis","crepuscular","cathemeral/crepuscular","Artiodactyla","Cervidae",18590.01,NA,4,NA,NA,NA,NA,2,170.54,28.59,29.65,27.52,98.85,96.25,97.55,NA,"Muntiacus gongshanensis",24.9344355920001,30.570135593,27.7522855925
"Muntiacus_montanus",NA,NA,NA,NA,NA,NA,NA,NA,NA,NA,NA,NA,NA,NA,NA,NA,NA,NA,NA,NA,"Muntiacus montanus",-5.47126440799997,5.46113559300005,-0.00506440749995818
"Muntiacus_muntjak","crepuscular","cathemeral/crepuscular","Artiodactyla","Cervidae",17611.59,994.99,3,NA,NA,NA,NA,1,7321434.07,11.79,32.36,-8.78,119.66,72.05,95.86,0.906456443439768,"Muntiacus muntjak",-8.96136440699996,9.33643559300003,0.187535593000035
"Muntiacus_puhoatensis",NA,NA,"Artiodactyla","Cervidae",NA,NA,NA,NA,NA,NA,NA,NA,1860.05,19.46,19.69,19.24,105.08,104.63,104.86,NA,"Muntiacus puhoatensis",19.5788355930001,19.833535592,19.7061855925
"Muntiacus_putaoensis",NA,NA,"Artiodactyla","Cervidae",NA,NA,NA,NA,NA,NA,NA,NA,42695.33,26.72,27.89,25.55,98.61,95.97,97.29,NA,"Muntiacus putaoensis",23.6481355920001,28.3675355930001,26.0078355925001
"Muntiacus_reevesi","crepuscular","cathemeral/crepuscular","Artiodactyla","Cervidae",13499.94,NA,2,NA,0.12,NA,NA,1,1767640.73,27.17,34.11,20.22,122.13,104.67,113.4,NA,"Muntiacus reevesi",20.2289355917043,57.5970517931058,38.9129936924051
"Muntiacus_rooseveltorum",NA,NA,"Artiodactyla","Cervidae",10762.64,NA,NA,NA,NA,NA,NA,NA,7016.69,19.4,19.91,18.88,104.26,103.55,103.91,NA,"Muntiacus rooseveltorum",13.805935592,24.7435355920001,19.274735592
"Muntiacus_truongsonensis",NA,NA,"Artiodactyla","Cervidae",NA,NA,NA,NA,NA,NA,NA,NA,10016.59,15.77,16.51,15.03,107.65,106.86,107.26,NA,"Muntiacus truongsonensis",13.805935592,24.7435355920001,19.274735592
"Muntiacus_vaginalis","cathemeral","cathemeral",NA,NA,NA,NA,NA,NA,NA,NA,NA,NA,NA,NA,NA,NA,NA,NA,NA,NA,"Muntiacus vaginalis",5.91753559200004,33.2271355930001,19.5723355925001
"Muntiacus_vuquangensis","diurnal","diurnal","Artiodactyla","Cervidae",36690.82,NA,NA,NA,NA,NA,NA,NA,55431.64,15.99,18.54,13.43,107.71,104.22,105.96,NA,"Muntiacus vuquangensis",10.980035593,19.392135592,15.1860855925
"Naemorhedus_baileyi","crepuscular","diurnal/crepuscular","Artiodactyla","Bovidae",28863.45,1040,NA,NA,NA,NA,NA,NA,105198.47,26.94,29.24,24.64,100.08,96.87,98.47,NA,"Naemorhedus baileyi",27.0399317893207,30.8631843638673,28.951558076594
"Naemorhedus_caudatus","crepuscular","cathemeral/crepuscular","Artiodactyla","Bovidae",26999.99,NA,NA,NA,NA,NA,NA,NA,757390.24,42.04,49.62,34.47,138.78,109.66,124.22,NA,"Naemorhedus caudatus",36.2892312781011,48.2364355929283,42.2628334355147
"Naemorhedus_goral","crepuscular","cathemeral/crepuscular","Artiodactyla","Bovidae",28796.51,1060,2,1,NA,NA,1,1,353466.24,31.24,35.69,26.78,95.96,71.88,83.92,NA,"Naemorhedus goral",26.755435592,35.772135593,31.2637855925
"Naemorhedus_griseus","crepuscular","diurnal/crepuscular","Artiodactyla","Bovidae",NA,NA,NA,NA,NA,NA,NA,NA,1912280.46,28.95,35.44,22.46,119.64,84.34,101.99,NA,NA,NA,NA,NA
"Nanger_dama","nocturnal","nocturnal","Artiodactyla","Bovidae",71424.81,1462.78,1,1,NA,1,1,1,1593778.59,20.22,28.23,12.21,33.87,-9.02,12.42,NA,"Nanger dama",14.0875355920001,30.0765988910001,22.0820672415001
"Nanger_granti","crepuscular","diurnal/crepuscular","Artiodactyla","Bovidae",55464.46,1529.99,2,1,NA,NA,1,1,963156.39,0.28,8.32,-7.75,42.35,33.54,37.94,NA,"Nanger granti",-7.96866440699995,5.87443559200005,-1.04711440749995
"Nanger_soemmerringii","diurnal","diurnal","Artiodactyla","Bovidae",41582.93,1360,NA,1,NA,NA,1,NA,1089492.28,9.81,18.79,0.83,51.14,33.73,42.44,NA,"Nanger soemmerringii",4.78613559300004,17.8664355930001,11.3262855930001
"Neophocaena_asiaeorientalis","crepuscular","nocturnal/crepuscular",NA,NA,NA,NA,NA,NA,NA,NA,NA,NA,NA,NA,NA,NA,NA,NA,NA,NA,"Neophocaena asiaeorientalis",22.6665997700001,40.9529457100001,31.8097727400001
"Neophocaena_phocaenoides","nocturnal","nocturnal",NA,NA,NA,NA,NA,NA,NA,NA,NA,NA,NA,NA,NA,NA,NA,NA,NA,NA,"Neophocaena phocaenoides",-7.61384607399998,30.5183430020001,11.452248464
"Neophocaena_sunameri","diurnal","diurnal",NA,NA,NA,NA,NA,NA,NA,NA,NA,NA,NA,NA,NA,NA,NA,NA,NA,NA,NA,NA,NA,NA
"Neotragus_batesi","crepuscular","nocturnal/crepuscular","Artiodactyla","Bovidae",2967.45,540,4,1,NA,NA,1,1,1089948.06,1.99,8.02,-4.03,30.92,6.03,18.47,NA,"Neotragus batesi",-4.24676440799993,5.88873559300004,0.820985592500051
"Neotragus_pygmaeus","nocturnal","nocturnal","Artiodactyla","Bovidae",3913.68,499.99,4,NA,NA,2,NA,1,426515.09,6.81,9.27,4.35,0.13,-13.32,-6.59,NA,"Neotragus pygmaeus",4.35313559300005,9.80803559300006,7.08058559300005
"Nesotragus_moschatus","crepuscular","nocturnal/crepuscular","Artiodactyla","Bovidae",5639.01,599.99,5,1,NA,1.5,1,1,1612115.59,-13.29,2.16,-28.74,40.84,30.22,35.53,NA,"Nesotragus moschatus",-28.2229644069999,0.411235593000072,-13.9058644069999
"Nilgiritragus_hylocrius","crepuscular","cathemeral/crepuscular","Artiodactyla","Bovidae",74186.41,1385,2,1,NA,NA,1,1,2109.89,9.95,11.46,8.44,77.57,76.42,76.99,NA,"Nilgiritragus hylocrius",8.44373559300004,11.4617355930001,9.95273559300006
"Odocoileus_hemionus","crepuscular","cathemeral/crepuscular","Artiodactyla","Cervidae",84560.57,1516.5,2,1,2.01,NA,1,1,6310738.18,41.77,62.28,21.27,-96.52,-149.44,-122.98,0.907943140719666,"Odocoileus hemionus",21.2715355930001,62.2811355920001,41.7763355925001
"Odocoileus_virginianus","crepuscular","cathemeral/crepuscular","Artiodactyla","Cervidae",75901.25,1513.69,4,1,1.99,2.25,1,1,14446002.22,21.89,61.76,-17.98,-49.87,-130.91,-90.39,0.898134591078681,"Odocoileus virginianus",-17.981699028,61.7698496080001,21.89407529
"Okapia_johnstoni","diurnal","diurnal","Artiodactyla","Giraffidae",230001.14,2000,1,1,4.63,1,1,1,1105797.06,-1.57,5.13,-8.28,30.73,18.12,24.43,0.906406776949937,"Okapia johnstoni",-3.03668212899993,3.88749980900008,0.425408840000074
"Orcaella_brevirostris","cathemeral","cathemeral",NA,NA,NA,NA,NA,NA,NA,NA,NA,NA,NA,NA,NA,NA,NA,NA,NA,NA,"Orcaella brevirostris",-8.78061775699996,25.811723692,8.51555296750004
"Orcaella_heinsohni","nocturnal","nocturnal",NA,NA,NA,NA,NA,NA,NA,NA,NA,NA,NA,NA,NA,NA,NA,NA,NA,NA,"Orcaella heinsohni",-22.693011241,-3.55262006299995,-13.122815652
"Orcinus_orca","diurnal","diurnal",NA,NA,NA,NA,NA,NA,NA,NA,NA,NA,NA,NA,NA,NA,NA,NA,NA,NA,"Orcinus orca",-85.582763631,82.3946871689999,-1.59403823100005
"Oreamnos_americanus","nocturnal","nocturnal","Artiodactyla","Bovidae",72105.4,1297.33,2,1,18.17,3,1,1,1137827.98,54.06,64.61,43.51,-110.18,-151.99,-131.08,NA,"Oreamnos americanus",37.265335592784,63.2601355934395,50.2627355931118
"Oreotragus_oreotragus","diurnal","diurnal","Artiodactyla","Bovidae",13486.55,824.99,4,1,NA,2,1,1,5375303.33,-7.77,19.29,-34.83,50.9,7.62,29.26,NA,"Oreotragus oreotragus",-34.839764407,20.0004355930001,-7.41966440699994
"Oryx_beisa","diurnal","diurnal","Artiodactyla","Bovidae",200576.52,NA,NA,NA,NA,NA,NA,NA,1255430.97,6.35,18.42,-5.72,51.41,33.12,42.26,NA,"Oryx beisa",-5.64786440799998,13.1225355920001,3.73733559200005
"Oryx_dammah","crepuscular","cathemeral/crepuscular","Artiodactyla","Bovidae",199798.95,1910,5,1,NA,30,1,1,214297.23,16.24,18.51,13.98,21.38,9.17,15.28,NA,"Oryx dammah",12.3354308615323,36.4654825033462,24.4004566824392
"Oryx_gazella","diurnal","diurnal","Artiodactyla","Bovidae",188404.45,1615,5,1,NA,20,1,1,4613581.92,-8.27,18.29,-34.83,51.11,11.71,31.41,0.905841442985718,"Oryx gazella",-33.256164407,-17.170364407,-25.213264407
"Oryx_leucoryx","crepuscular","nocturnal/crepuscular","Artiodactyla","Bovidae",75788.24,NA,5,1,NA,5,1,1,NA,NA,NA,NA,NA,NA,NA,NA,"Oryx leucoryx",18.53511,31.1677800000001,24.851445
"Ourebia_ourebi","diurnal","diurnal","Artiodactyla","Bovidae",17186.09,1160,3,1,NA,2,1,1,8258056.75,-8.62,16.53,-33.77,45.53,-15.07,15.23,NA,"Ourebia ourebi",-33.7352186369999,16.2892355930001,-8.72299152199994
"Ovibos_moschatus","cathemeral","cathemeral","Artiodactyla","Bovidae",312500,NA,2,1,NA,12.5,1,1,1615605.88,71.68,83.62,59.74,-12.49,-168.12,-90.31,NA,"Ovibos moschatus",55.9070789297489,83.634100652823,69.7705897912859
"Ovis_ammon","crepuscular","cathemeral/crepuscular","Artiodactyla","Bovidae",113998.72,1585,2,1,4.59,NA,1,1,10939816.94,41.17,55.79,26.55,125.74,29.01,77.38,NA,"Ovis ammon",27.2744355931281,51.3781588767308,39.3262972349295
"Ovis_aries","crepuscular","cathemeral/crepuscular","Artiodactyla","Bovidae",39097.89,1297.23,2,NA,NA,35,NA,1,NA,NA,NA,NA,NA,NA,NA,NA,NA,NA,NA,NA
"Ovis_canadensis","cathemeral","cathemeral","Artiodactyla","Bovidae",74644.87,1565.5,2,1,18.94,NA,1,1,2457850.19,40.48,57.15,23.82,-101.6,-123.9,-112.75,NA,"Ovis canadensis",24.5293355925636,54.4208355931881,39.4750855928759
"Ovis_dalli","diurnal","diurnal","Artiodactyla","Bovidae",70194.13,1415.02,2,1,10.15,9.5,1,1,1014237.16,60.59,69.14,52.03,-118.87,-164.06,-141.47,0.903379294425493,"Ovis dalli",55.5422355921989,69.4675355925936,62.5048855923962
"Ovis_gmelini","crepuscular","cathemeral/crepuscular",NA,NA,NA,NA,NA,NA,NA,NA,NA,NA,NA,NA,NA,NA,NA,NA,NA,NA,"Ovis gmelini",26.5572410030699,40.1760381898106,33.3666395964403
"Ovis_nivicola","crepuscular","cathemeral/crepuscular","Artiodactyla","Bovidae",90000,NA,NA,NA,NA,NA,NA,NA,1645753.65,61.16,70.76,51.56,179.99,-179.99,-0.000284268,NA,"Ovis nivicola",51.7751355930001,72.1234355930001,61.9492855930001
"Ovis_orientalis","crepuscular","cathemeral/crepuscular",NA,NA,NA,NA,NA,NA,NA,NA,NA,NA,NA,NA,NA,NA,NA,NA,NA,NA,NA,NA,NA,NA
"Ovis_vignei",NA,NA,NA,NA,NA,NA,NA,NA,NA,NA,NA,NA,NA,NA,NA,NA,NA,NA,NA,NA,"Ovis vignei",24.8092355931482,45.7943355934129,35.3017855932806
"Ozotoceros_bezoarticus","cathemeral","cathemeral","Artiodactyla","Cervidae",34620.4,1224.74,3,1,6.16,3.5,1,1,3649669.28,-21.88,-7.21,-36.56,-40.94,-66.51,-53.73,NA,"Ozotoceros bezoarticus",-39.1698928819999,-6.04582533699994,-22.6078591094999
"Pantholops_hodgsonii","crepuscular","diurnal/crepuscular","Artiodactyla","Bovidae",32733.12,NA,NA,NA,NA,NA,NA,NA,1113531.45,32.83,36.73,28.92,99.29,80.73,90.01,NA,"Pantholops hodgsonii",29.2491531810001,37.426111909,33.337632545
"Pecari_tajacu","crepuscular","diurnal/crepuscular","Artiodactyla","Tayassuidae",21133.69,889.34,5,1,1.37,20,1,1,15771441.38,0.14,35.07,-34.78,-34.79,-114.45,-74.62,0.887824581465107,"Pecari tajacu",-34.8169556239999,35.0746387040001,0.128841540000053
"Pelea_capreolus","diurnal","diurnal","Artiodactyla","Bovidae",22731.33,NA,2,1,NA,10.25,1,1,866217.26,-28.71,-22.59,-34.83,31.75,16.92,24.34,NA,"Pelea capreolus",-34.839764407,-23.1231644069999,-28.9814644069999
"Peponocephala_electra","nocturnal","nocturnal",NA,NA,NA,NA,NA,NA,NA,NA,NA,NA,NA,NA,NA,NA,NA,NA,NA,NA,"Peponocephala electra",-34.419611941,36.4103742,0.995381129500032
"Phacochoerus_aethiopicus","diurnal","diurnal","Artiodactyla","Suidae",75607.52,NA,4,1,1.35,2,1,1,851932.22,4.71,11.49,-2.05,46.38,34.47,40.42,NA,"Phacochoerus aethiopicus",-3.98016099999995,11.296453,3.65814600000004
"Phacochoerus_africanus","crepuscular","diurnal/crepuscular","Artiodactyla","Suidae",82499.99,1355.54,1,NA,1.55,NA,NA,1,11093470.88,-6.61,18.77,-32,44.87,-17.53,13.66,NA,"Phacochoerus africanus",-34.214511871,18.3033780000001,-7.95556693549995
"Philantomba_maxwellii","crepuscular","diurnal/crepuscular","Artiodactyla","Bovidae",8557.69,845.23,7,1,NA,1.95,1,2,1214155.52,9.1,13.85,4.35,6.79,-16.82,-5.01,NA,"Philantomba maxwellii",4.35313559300005,13.858435592,9.10578559250004
"Philantomba_monticola","crepuscular","diurnal/crepuscular","Artiodactyla","Bovidae",4896.05,692.3,3,1,NA,1.9,1,2,6552145.69,-12.45,9.54,-34.44,40.52,5.92,23.22,NA,"Philantomba monticola",-34.3584644069999,9.14303559300004,-12.6077144069999
"Philantomba_walteri","crepuscular","cathemeral/crepuscular",NA,NA,NA,NA,NA,NA,NA,NA,NA,NA,NA,NA,NA,NA,NA,NA,NA,NA,"Philantomba walteri",4.50517057600007,10.3646524910001,7.43491153350007
"Phocoena_dioptrica",NA,NA,NA,NA,NA,NA,NA,NA,NA,NA,NA,NA,NA,NA,NA,NA,NA,NA,NA,NA,"Phocoena dioptrica",-63.73048697,-25.6893534189999,-44.7099201944999
"Phocoena_phocoena","crepuscular","nocturnal/crepuscular",NA,NA,NA,NA,NA,NA,NA,NA,NA,NA,NA,NA,NA,NA,NA,NA,NA,NA,"Phocoena phocoena",14.7910004779966,79.7664828174205,47.2787416477086
"Phocoena_sinus","crepuscular","cathemeral/crepuscular",NA,NA,NA,NA,NA,NA,NA,NA,NA,NA,NA,NA,NA,NA,NA,NA,NA,NA,"Phocoena sinus",30.0957031248993,31.7645263672981,30.9301147460987
"Phocoena_spinipinnis","cathemeral","cathemeral",NA,NA,NA,NA,NA,NA,NA,NA,NA,NA,NA,NA,NA,NA,NA,NA,NA,NA,"Phocoena spinipinnis",-56.0247226349999,-5.67120787699997,-30.847965256
"Phocoenoides_dalli","crepuscular","cathemeral/crepuscular",NA,NA,NA,NA,NA,NA,NA,NA,NA,NA,NA,NA,NA,NA,NA,NA,NA,NA,"Phocoenoides dalli",29.2441322770001,62.6856574000001,45.9648948385001
"Physeter_macrocephalus","cathemeral","cathemeral",NA,NA,NA,NA,NA,NA,NA,NA,NA,NA,NA,NA,NA,NA,NA,NA,NA,NA,"Physeter macrocephalus",-83.0205078129852,75.6724853507184,-3.67401123113336
"Platanista_gangetica","crepuscular","nocturnal/crepuscular",NA,NA,NA,NA,NA,NA,NA,NA,NA,NA,NA,NA,NA,NA,NA,NA,NA,NA,"Platanista gangetica",20.1435033113288,30.2405902350513,25.1920467731901
"Platanista_minor","crepuscular","nocturnal/crepuscular",NA,NA,NA,NA,NA,NA,NA,NA,NA,NA,NA,NA,NA,NA,NA,NA,NA,NA,"Platanista minor",25.2988232711771,32.6431760572293,28.9709996642032
"Pontoporia_blainvillei","cathemeral","cathemeral",NA,NA,NA,NA,NA,NA,NA,NA,NA,NA,NA,NA,NA,NA,NA,NA,NA,NA,"Pontoporia blainvillei",-42.069058964,-18.422426198,-30.245742581
"Porcula_salvania","diurnal","diurnal","Artiodactyla","Suidae",7974.13,599.66,4,1,0.15,5,1,2,25728.78,26.7,27.06,26.33,93.44,87.93,90.69,NA,"Porcula salvania",26.6199355928534,26.8375355928933,26.7287355928734
"Potamochoerus_larvatus","nocturnal","nocturnal","Artiodactyla","Suidae",69063.79,NA,7,1,4.47,8,1,2,5892226.64,-10.37,13.69,-34.44,46.08,13.07,29.57,NA,"Potamochoerus larvatus",-34.440564407,13.6963355930001,-10.3721144069999
"Potamochoerus_porcus","nocturnal","nocturnal","Artiodactyla","Suidae",70000.31,1369.3,5,1,NA,10.56,1,2,5033216.84,2.71,13.53,-8.1,36.11,-16.82,9.64,NA,"Potamochoerus porcus",-8.07929640799995,13.5324355930001,2.72656959250006
"Procapra_gutturosa","crepuscular","diurnal/crepuscular","Artiodactyla","Bovidae",28274.27,1243.28,1,1,NA,NA,1,1,322170.9,45.77,49.45,42.09,117.77,91.47,104.62,NA,"Procapra gutturosa",42.1863355930001,50.3132355920001,46.2497855925001
"Procapra_picticaudata","crepuscular","diurnal/crepuscular","Artiodactyla","Bovidae",23197.67,980,NA,NA,NA,NA,NA,NA,1936510.55,33.64,39.03,28.25,102.5,77.75,90.12,NA,"Procapra picticaudata",27.7803355930001,40.0706355930001,33.9254855930001
"Procapra_przewalskii","crepuscular","diurnal/crepuscular","Artiodactyla","Bovidae",27499.99,NA,NA,NA,NA,NA,NA,NA,40688.43,37.06,37.9,36.23,102.63,99.5,101.06,NA,"Procapra przewalskii",36.3253765910001,37.4132661620001,36.8693213765001
"Pseudois_nayaur","crepuscular","diurnal/crepuscular","Artiodactyla","Bovidae",52334.57,1299.99,2,1,NA,NA,1,1,3101839.68,34.44,41.55,27.33,111.28,75.32,93.3,NA,"Pseudois nayaur",26.851135593,40.013035593,33.432085593
"Pseudois_schaeferi",NA,NA,"Artiodactyla","Bovidae",29249.99,NA,NA,1,NA,NA,1,NA,61143.76,30.55,32.97,28.14,99.57,97.52,98.54,NA,NA,NA,NA,NA
"Pseudorca_crassidens","diurnal","diurnal",NA,NA,NA,NA,NA,NA,NA,NA,NA,NA,NA,NA,NA,NA,NA,NA,NA,NA,"Pseudorca crassidens",-58.2307789909958,61.5051499089983,1.63718545900126
"Pseudoryx_nghetinhensis","crepuscular","cathemeral/crepuscular","Artiodactyla","Bovidae",97842.2,1750,2,NA,NA,1,NA,1,11820.15,17.64,19.53,15.74,107.71,104.07,105.89,NA,"Pseudoryx nghetinhensis",15.9787355930001,19.466935592,17.7228355925
"Pudu_mephistophiles","crepuscular","nocturnal/crepuscular","Artiodactyla","Cervidae",9599.96,NA,NA,NA,NA,NA,NA,NA,244304.21,-3.73,5.09,-12.56,-73.55,-79.28,-76.41,NA,"Pudu mephistophiles",-12.185564407,5.59993559300005,-3.29281440699995
"Pudu_puda","nocturnal","nocturnal","Artiodactyla","Cervidae",9642.62,NA,4,1,0.17,NA,1,1,223036.92,-43.69,-34.84,-52.55,-70.94,-74.3,-72.62,NA,"Pudu puda",-47.5855644069999,-35.4777644069999,-41.5316644069999
"Rangifer_tarandus","crepuscular","cathemeral/crepuscular","Artiodactyla","Cervidae",109088.5,2224.35,3,NA,2771.22,NA,NA,1,18376464.07,64.59,83.62,45.55,177.44,-168.12,4.65,NA,"Rangifer tarandus",-54.886440277,83.110618592,14.1120891575
"Raphicerus_campestris","crepuscular","diurnal/crepuscular","Artiodactyla","Bovidae",11661.53,824.99,5,1,0.43,2,1,1,4930075.62,-16.61,1.61,-34.83,41.77,11.71,26.74,NA,"Raphicerus campestris",-34.839764407,0.841435593000028,-16.999164407
"Raphicerus_melanotis","crepuscular","nocturnal/crepuscular","Artiodactyla","Bovidae",10503.14,NA,2,1,NA,1.5,1,1,243785.08,-32.31,-29.78,-34.83,29.42,17.1,23.26,NA,"Raphicerus melanotis",-34.839764407,-30.152664407,-32.496214407
"Raphicerus_sharpei","crepuscular","nocturnal/crepuscular","Artiodactyla","Bovidae",9396.9,679.99,3,1,NA,1.5,1,1,2548307.11,-15.29,-3.42,-27.16,40.84,22.67,31.75,NA,"Raphicerus sharpei",-26.7981644069999,-3.36556440799995,-15.0818644074999
"Redunca_arundinum","crepuscular","nocturnal/crepuscular","Artiodactyla","Bovidae",58059.24,1505,2,1,NA,1.75,1,1,5149998.73,-16.58,-2.09,-31.07,40.84,11.12,25.98,NA,"Redunca arundinum",-31.0750644079999,-2.04556440799996,-16.560314408
"Redunca_fulvorufula","crepuscular","cathemeral/crepuscular","Artiodactyla","Bovidae",29352.66,1230,1,1,0.07,4.75,1,1,1134766.5,-12.32,9.55,-34.21,39.72,10.75,25.24,NA,"Redunca fulvorufula",-33.914664407,9.99023559300002,-11.962214407
"Redunca_redunca","crepuscular","cathemeral/crepuscular","Artiodactyla","Bovidae",43288.95,1150,1,1,NA,NA,1,1,6462304.59,2.21,16.27,-11.83,41.29,-17.4,11.94,NA,"Redunca redunca",-11.409864408,16.273935593,2.43203559250003
"Rucervus_duvaucelii","crepuscular","cathemeral/crepuscular","Artiodactyla","Cervidae",171223.86,1500,2,2,14.11,64.25,1,1,255737.11,25.76,29.44,22.08,93.68,77.22,85.45,NA,"Rucervus duvaucelii",22.0840355920001,30.321735592,26.2028855920001
"Rucervus_eldii","crepuscular","cathemeral/crepuscular","Artiodactyla","Cervidae",95471.61,1650,3,1,NA,NA,1,1,119941.73,18.86,25.34,12.38,109.95,93.14,101.55,NA,"Rucervus eldii",11.732235593,24.5432355940001,18.1377355935001
"Rucervus_schomburgki",NA,NA,"Artiodactyla","Cervidae",107626.42,NA,NA,NA,NA,NA,NA,NA,NA,NA,NA,NA,NA,NA,NA,NA,NA,NA,NA,NA
"Rupicapra_pyrenaica","crepuscular","diurnal/crepuscular","Artiodactyla","Bovidae",29999.99,NA,NA,NA,NA,NA,NA,NA,13561.93,42.41,43.21,41.6,14.22,-6.73,3.74,NA,"Rupicapra pyrenaica",41.6221355923838,43.2375280211014,42.4298318067426
"Rupicapra_rupicapra","crepuscular","diurnal/crepuscular","Artiodactyla","Bovidae",33266.35,NA,2,1,2.65,1,1,1,742756.93,43.5,51.33,35.66,47.08,5.29,26.19,NA,"Rupicapra rupicapra",38.4962369007121,51.1286355916589,44.8124362461855
"Rusa_alfredi","nocturnal","nocturnal","Artiodactyla","Cervidae",46475.04,NA,NA,NA,NA,NA,NA,NA,24504.78,10.48,11.94,9.03,123.56,121.84,122.7,NA,"Rusa alfredi",9.18233559200007,11.717335593,10.4498355925001
"Rusa_marianna","nocturnal","nocturnal","Artiodactyla","Cervidae",49457.61,1255,NA,NA,NA,NA,NA,NA,220497.9,12.1,18.65,5.55,126.6,116.93,121.76,NA,"Rusa marianna",5.55541658400006,18.580635591,12.0680260875
"Rusa_timorensis","nocturnal","nocturnal","Artiodactyla","Cervidae",66375.5,1634.99,2,NA,NA,NA,NA,1,132249.02,-7.36,-5.87,-8.84,115.71,105.2,110.46,NA,"Rusa timorensis",-8.78072261799997,-6.52233314499995,-7.65152788149996
"Rusa_unicolor","nocturnal","nocturnal","Artiodactyla","Cervidae",177522.9,2040,3,NA,NA,NA,NA,1,7050571.04,12.02,29.99,-5.94,122,72.5,97.25,NA,"Rusa unicolor",-5.94502782799998,33.7665355930001,13.9107538825
"Saiga_borealis",NA,NA,"Artiodactyla","Bovidae",NA,NA,NA,NA,NA,NA,NA,NA,125569.97,46.67,49,44.35,99.24,91.7,95.47,NA,NA,NA,NA,NA
"Saiga_tatarica","crepuscular","cathemeral/crepuscular","Artiodactyla","Bovidae",37734.01,1160,2,2,NA,27.5,2,1,2926916.31,46.47,51.61,41.32,90.5,41.49,65.99,NA,"Saiga tatarica",42.7453355914597,50.6072355933061,46.6762855923829
"Sotalia_fluviatilis","cathemeral","cathemeral",NA,NA,NA,NA,NA,NA,NA,NA,NA,NA,NA,NA,NA,NA,NA,NA,NA,NA,"Sotalia fluviatilis",-10.9968564789489,2.5446435208475,-4.22610647905069
"Sotalia_guianensis","cathemeral","cathemeral",NA,NA,NA,NA,NA,NA,NA,NA,NA,NA,NA,NA,NA,NA,NA,NA,NA,NA,"Sotalia guianensis",-28.0256900059999,17.5588151690001,-5.23343741849993
"Sousa_chinensis","nocturnal","nocturnal",NA,NA,NA,NA,NA,NA,NA,NA,NA,NA,NA,NA,NA,NA,NA,NA,NA,NA,"Sousa chinensis",-8.88121213799997,26.8773988410001,8.99809335150005
"Sousa_plumbea","crepuscular","nocturnal/crepuscular",NA,NA,NA,NA,NA,NA,NA,NA,NA,NA,NA,NA,NA,NA,NA,NA,NA,NA,"Sousa plumbea",-34.8748475671182,30.5183429719561,-2.17825229758105
"Sousa_sahulensis",NA,NA,NA,NA,NA,NA,NA,NA,NA,NA,NA,NA,NA,NA,NA,NA,NA,NA,NA,NA,"Sousa sahulensis",-28.489119914,0.10715067700005,-14.1909846185
"Sousa_teuszii","nocturnal","nocturnal",NA,NA,NA,NA,NA,NA,NA,NA,NA,NA,NA,NA,NA,NA,NA,NA,NA,NA,"Sousa teuszii",-16.1632531339999,23.916383743,3.87656530450005
"Stenella_attenuata","crepuscular","nocturnal/crepuscular",NA,NA,NA,NA,NA,NA,NA,NA,NA,NA,NA,NA,NA,NA,NA,NA,NA,NA,"Stenella attenuata",-41.0447496699999,43.5502419410001,1.25274613550008
"Stenella_clymene","nocturnal","nocturnal",NA,NA,NA,NA,NA,NA,NA,NA,NA,NA,NA,NA,NA,NA,NA,NA,NA,NA,"Stenella clymene",-32.58670559,41.0165759490001,4.21493517950006
"Stenella_coeruleoalba","nocturnal","nocturnal",NA,NA,NA,NA,NA,NA,NA,NA,NA,NA,NA,NA,NA,NA,NA,NA,NA,NA,"Stenella coeruleoalba",-49.647463941976,60.6971804179978,5.52485823801094
"Stenella_frontalis","nocturnal","nocturnal",NA,NA,NA,NA,NA,NA,NA,NA,NA,NA,NA,NA,NA,NA,NA,NA,NA,NA,"Stenella frontalis",-34.468734126,49.1737602910001,7.35251308250005
"Stenella_longirostris","nocturnal","nocturnal",NA,NA,NA,NA,NA,NA,NA,NA,NA,NA,NA,NA,NA,NA,NA,NA,NA,NA,"Stenella longirostris",-34.5288070839999,41.3899726600001,3.43058278800007
"Steno_bredanensis","crepuscular","nocturnal/crepuscular",NA,NA,NA,NA,NA,NA,NA,NA,NA,NA,NA,NA,NA,NA,NA,NA,NA,NA,"Steno bredanensis",-37.2621978879994,48.2998031909701,5.51880265148535
"Sus_ahoenobarbus","crepuscular","nocturnal/crepuscular","Artiodactyla","Suidae",NA,NA,NA,NA,NA,NA,NA,NA,108626.43,8.68,12.33,5.04,126.6,116.93,121.76,NA,"Sus ahoenobarbus",7.80166673700006,12.33133316,10.0664999485001
"Sus_barbatus","crepuscular","diurnal/crepuscular","Artiodactyla","Suidae",135805.95,1349.99,6,1,NA,6.25,1,2,970249.8,0.54,7.03,-5.94,119.26,96.84,108.05,NA,"Sus barbatus",-4.08302999999995,8.07760143300004,1.99728571650004
"Sus_bucculentus",NA,NA,"Artiodactyla","Suidae",NA,NA,NA,NA,NA,NA,NA,NA,2834.16,18.17,18.64,17.7,105.41,104.78,105.09,NA,"Sus bucculentus",11.0748355920001,18.3633355920001,14.7190855920001
"Sus_cebifrons","nocturnal","nocturnal","Artiodactyla","Suidae",190792.3,1349.99,6,NA,NA,4.5,NA,2,27761.56,10.82,12.6,9.03,124.07,121.84,122.96,NA,"Sus cebifrons",9.17149543800002,12.3257565690001,10.7486260035
"Sus_celebensis","crepuscular","cathemeral/crepuscular","Artiodactyla","Suidae",53813.21,NA,5,NA,NA,NA,NA,2,173576.36,-2.37,1.75,-6.49,125.29,118.75,122.02,NA,"Sus celebensis",-10.9418611530697,2.92300009717678,-4.00943052794648
"Sus_oliveri","cathemeral","cathemeral","Artiodactyla","Suidae",NA,NA,NA,NA,NA,NA,NA,NA,NA,NA,NA,NA,NA,NA,NA,NA,"Sus oliveri",12.677738382,13.512749672,13.095244027
"Sus_philippensis","nocturnal","nocturnal","Artiodactyla","Suidae",190792.3,1349.99,6,NA,NA,3.75,NA,2,237934.97,12.1,18.65,5.55,126.6,119.74,123.17,NA,"Sus philippensis",5.80761575700006,18.6303882600001,12.2190020085001
"Sus_scrofa","nocturnal","nocturnal","Artiodactyla","Suidae",84471.54,1349.99,5,NA,1.18,13,NA,2,25951693.02,25.6,59.99,-8.78,138.36,-9.89,64.23,NA,"Sus scrofa",-8.84949970194964,61.5202721240593,26.3353862110548
"Sus_verrucosus","crepuscular","cathemeral/crepuscular","Artiodactyla","Suidae",89406.23,1250,3,NA,NA,5,NA,2,97964.63,-7.25,-5.72,-8.78,114.6,106.05,110.32,NA,"Sus verrucosus",-7.78569460099993,-5.79082775199993,-6.78826117649993
"Sylvicapra_grimmia","crepuscular","nocturnal/crepuscular","Artiodactyla","Bovidae",15639.15,960.71,4,1,NA,1,1,1,14120906.18,-9.22,16.39,-34.83,46.19,-17.53,14.33,0.927051992136044,"Sylvicapra grimmia",-34.839764407,15.8936355930001,-9.47306440699995
"Syncerus_caffer","crepuscular","nocturnal/crepuscular","Artiodactyla","Bovidae",592665.98,2525.86,1,1,63.73,12,1,1,11706834.65,-8.82,15.85,-33.51,43.95,-14.48,14.73,NA,"Syncerus caffer",-34.839764407,13.4624355930001,-10.6886644069999
"Tasmacetus_shepherdi",NA,NA,NA,NA,NA,NA,NA,NA,NA,NA,NA,NA,NA,NA,NA,NA,NA,NA,NA,NA,"Tasmacetus shepherdi",-55.1492909959999,-33.250954318,-44.200122657
"Tayassu_pecari","diurnal","diurnal","Artiodactyla","Tayassuidae",31798.71,1110,6,1,40.97,NA,1,2,13839052.97,-5.72,21.6,-33.06,-34.79,-95.7,-65.24,NA,"Tayassu pecari",-33.5568915384137,19.4605355918441,-7.04817797328479
"Tetracerus_quadricornis","crepuscular","diurnal/crepuscular","Artiodactyla","Bovidae",19282.12,1000,5,NA,NA,NA,NA,1,1865786.32,22.28,31.53,13.04,87.11,70.5,78.8,NA,"Tetracerus quadricornis",12.192835593,30.020135592,21.1064855925
"Tragelaphus_angasii","crepuscular","diurnal/crepuscular","Artiodactyla","Bovidae",87616.76,1935.86,4,1,1.63,15.5,1,1,274074.58,-22.04,-15.6,-28.48,35.21,29.07,32.14,NA,"Tragelaphus angasii",-28.4374644069999,-15.5391644069999,-21.9883144069999
"Tragelaphus_buxtoni","crepuscular","cathemeral/crepuscular","Artiodactyla","Bovidae",215000.75,2249.44,1,1,NA,15,1,1,41913.3,7.76,9.35,6.16,42,38.4,40.2,NA,"Tragelaphus buxtoni",6.60973559200005,9.04723559300004,7.82848559250004
"Tragelaphus_derbianus","crepuscular","cathemeral/crepuscular","Artiodactyla","Bovidae",646024.25,2522.02,1,1,NA,NA,1,1,937936.53,8.76,14.03,3.48,31.51,-14.48,8.51,NA,"Tragelaphus derbianus",5.66139024600005,13.650235593,9.65581291950005
"Tragelaphus_eurycerus","nocturnal","nocturnal","Artiodactyla","Bovidae",270998.37,2274.99,4,1,NA,13.5,1,1,2564432.61,2.08,10,-5.83,37.81,-12.64,12.58,0.937859832107178,"Tragelaphus eurycerus",-3.39466440699994,11.424735593,4.01503559300005
"Tragelaphus_imberbis","nocturnal","nocturnal","Artiodactyla","Bovidae",94320.39,1675,3,1,NA,3,1,1,1907499.42,3.92,16.88,-9.03,48.87,32.08,40.48,NA,"Tragelaphus imberbis",-8.61906440799993,10.9812355930001,1.18108559250007
"Tragelaphus_oryx","crepuscular","cathemeral/crepuscular","Artiodactyla","Bovidae",562592.69,2656.78,3,1,195.15,4.05,1,1,5405307.84,-10.1,7.22,-27.42,41.67,12.47,27.07,0.913916776373572,"Tragelaphus oryx",-34.839764407,6.87293559200003,-13.9834144075
"Tragelaphus_scriptus","crepuscular","nocturnal/crepuscular","Artiodactyla","Bovidae",43250.39,1247.1,4,2,0.02,1,1,1,13167565.73,-9.36,16.11,-34.83,45.58,-17.53,14.02,NA,"Tragelaphus scriptus",-34.839764407,15.2471355930001,-9.79631440699995
"Tragelaphus_spekii","crepuscular","cathemeral/crepuscular","Artiodactyla","Bovidae",75554.25,1520.84,2,2,NA,6,1,1,5256068.76,-3.27,14.37,-20.93,35.23,-16.82,9.2,0.930442984715282,"Tragelaphus spekii",-20.1040644079999,14.131535593,-2.98626440749996
"Tragelaphus_strepsiceros","diurnal","diurnal","Artiodactyla","Bovidae",206056.41,2199.99,2,1,835.1,12,1,1,6476879.55,-6.95,20.14,-34.05,47.94,12.44,30.19,0.923953049176146,"Tragelaphus strepsiceros",-34.0525283809999,20.147535593,-6.95249639399995
"Tragelaphus_sylvaticus","cathemeral","cathemeral",NA,NA,NA,NA,NA,NA,NA,NA,NA,NA,NA,NA,NA,NA,NA,NA,NA,NA,NA,NA,NA,NA
"Tragulus_javanicus","crepuscular","diurnal/crepuscular","Artiodactyla","Tragulidae",1889.93,514.29,3,NA,NA,1,NA,1,NA,NA,NA,NA,NA,NA,NA,0.937363606297003,"Tragulus javanicus",-8.84946440699997,-5.87376440699995,-7.36161440699996
"Tragulus_kanchil","crepuscular","cathemeral/crepuscular","Artiodactyla","Tragulidae",NA,NA,NA,NA,NA,NA,NA,NA,3708821.44,9.09,24.14,-5.94,123.67,72.61,98.14,NA,"Tragulus kanchil",-5.94502000099993,21.7507603930001,7.90287019600007
"Tragulus_napu","cathemeral","cathemeral","Artiodactyla","Tragulidae",5273.67,562.36,3,NA,NA,NA,NA,1,1593229.34,4.18,14.3,-5.94,119.26,95.18,107.22,NA,"Tragulus napu",-5.94502000099993,14.1096355930001,4.08230779600007
"Tragulus_nigricans","nocturnal","nocturnal","Artiodactyla","Tragulidae",NA,NA,NA,NA,NA,NA,NA,NA,11882.48,9.61,11.42,7.8,119.71,116.93,118.32,NA,"Tragulus nigricans",7.80165653000006,12.3313316650001,10.0664940975001
"Tragulus_versicolor","diurnal","diurnal","Artiodactyla","Tragulidae",NA,NA,NA,NA,NA,NA,NA,NA,NA,NA,NA,NA,NA,NA,NA,NA,"Tragulus versicolor",12.0464355930001,14.4817355930001,13.2640855930001
"Tragulus_williamsoni","crepuscular","diurnal/crepuscular","Artiodactyla","Tragulidae",NA,NA,NA,NA,NA,NA,NA,NA,NA,NA,NA,NA,NA,NA,NA,NA,"Tragulus williamsoni",18.358635592,21.6427355930001,20.0006855925
"Tursiops_aduncus","crepuscular","nocturnal/crepuscular",NA,NA,NA,NA,NA,NA,NA,NA,NA,NA,NA,NA,NA,NA,NA,NA,NA,NA,"Tursiops aduncus",-37.6184752434377,36.1057980946064,-0.756338574415622
"Tursiops_truncatus","crepuscular","cathemeral/crepuscular",NA,NA,NA,NA,NA,NA,NA,NA,NA,NA,NA,NA,NA,NA,NA,NA,NA,NA,"Tursiops truncatus",-53.6386208607526,62.8119009530654,4.58664004615637
"Vicugna_vicugna","diurnal","diurnal","Artiodactyla","Camelidae",47499.61,1575,1,1,0.12,NA,1,1,817999.23,-19.5,-7.13,-31.87,-65.41,-77.97,-71.69,NA,"Vicugna vicugna",-29.770548631714,-1.27462698644621,-15.5225878090801
"Ziphius_cavirostris","cathemeral","cathemeral",NA,NA,NA,NA,NA,NA,NA,NA,NA,NA,NA,NA,NA,NA,NA,NA,NA,NA,"Ziphius cavirostris",-53.2252323813278,64.7919473489004,5.78335748378631
