"Species_name","Parvorder","Confidence","tips","column","value"
"Balaena mysticetus","Mysticeti","3,4,4,4,2","Balaena_mysticetus","Conf2","nocturnal"
"Balaena mysticetus","Mysticeti","3,4,4,4,2","Balaena_mysticetus","Conf2","nocturnal"
"Balaena mysticetus","Mysticeti","3,4,4,4,2","Balaena_mysticetus","Conf3","nocturnal/crepuscular"
"Balaena mysticetus","Mysticeti","3,4,4,4,2","Balaena_mysticetus","Conf4","cathemeral"
"Balaena mysticetus","Mysticeti","3,4,4,4,2","Balaena_mysticetus","Conf4","cathemeral"
"Balaenoptera acutorostrata","Mysticeti","3,3,4,3,4,4,2,2","Balaenoptera_acutorostrata","Conf2","diurnal/crepuscular"
"Balaenoptera acutorostrata","Mysticeti","3,3,4,3,4,4,2,2","Balaenoptera_acutorostrata","Conf3","nocturnal"
"Balaenoptera acutorostrata","Mysticeti","3,3,4,3,4,4,2,2","Balaenoptera_acutorostrata","Conf3","cathemeral"
"Balaenoptera acutorostrata","Mysticeti","3,3,4,3,4,4,2,2","Balaenoptera_acutorostrata","Conf3","diurnal"
"Balaenoptera acutorostrata","Mysticeti","3,3,4,3,4,4,2,2","Balaenoptera_acutorostrata","Conf4","diurnal"
"Balaenoptera acutorostrata","Mysticeti","3,3,4,3,4,4,2,2","Balaenoptera_acutorostrata","Conf4","diurnal"
"Balaenoptera acutorostrata","Mysticeti","3,3,4,3,4,4,2,2","Balaenoptera_acutorostrata","Conf4","nocturnal"
"Balaenoptera bonaerensis","Mysticeti","3,3,3,3,3, 4","Balaenoptera_bonaerensis","Conf3","cathemeral"
"Balaenoptera bonaerensis","Mysticeti","3,3,3,3,3, 4","Balaenoptera_bonaerensis","Conf3","cathemeral"
"Balaenoptera bonaerensis","Mysticeti","3,3,3,3,3, 4","Balaenoptera_bonaerensis","Conf3","cathemeral"
"Balaenoptera bonaerensis","Mysticeti","3,3,3,3,3, 4","Balaenoptera_bonaerensis","Conf3","nocturnal/cathemeral"
"Balaenoptera bonaerensis","Mysticeti","3,3,3,3,3, 4","Balaenoptera_bonaerensis","Conf3","nocturnal"
"Balaenoptera bonaerensis","Mysticeti","3,3,3,3,3, 4","Balaenoptera_bonaerensis","Conf4","cathemeral"
"Balaenoptera borealis","Mysticeti","4,3,3,2","Balaenoptera_borealis","Conf2","diurnal"
"Balaenoptera borealis","Mysticeti","4,3,3,2","Balaenoptera_borealis","Conf3","diurnal"
"Balaenoptera borealis","Mysticeti","4,3,3,2","Balaenoptera_borealis","Conf3","nocturnal"
"Balaenoptera borealis","Mysticeti","4,3,3,2","Balaenoptera_borealis","Conf4","cathemeral"
"Balaenoptera brydei","Mysticeti","4,3,3","Balaenoptera_brydei","Conf3","nocturnal"
"Balaenoptera brydei","Mysticeti","4,3,3","Balaenoptera_brydei","Conf3","nocturnal"
"Balaenoptera brydei","Mysticeti","4,3,3","Balaenoptera_brydei","Conf4","nocturnal"
"Balaenoptera edeni","Mysticeti","4,3,2","Balaenoptera_edeni","Conf2","unclear/crepuscular"
"Balaenoptera edeni","Mysticeti","4,3,2","Balaenoptera_edeni","Conf3","cathemeral"
"Balaenoptera edeni","Mysticeti","4,3,2","Balaenoptera_edeni","Conf4","diurnal"
"Balaenoptera musculus","Mysticeti","3,4,4,3,3,4,3,3,3","Balaenoptera_musculus","Conf3","diurnal"
"Balaenoptera musculus","Mysticeti","3,4,4,3,3,4,3,3,3","Balaenoptera_musculus","Conf3","nocturnal/crepuscular"
"Balaenoptera musculus","Mysticeti","3,4,4,3,3,4,3,3,3","Balaenoptera_musculus","Conf3","nocturnal/crepuscular"
"Balaenoptera musculus","Mysticeti","3,4,4,3,3,4,3,3,3","Balaenoptera_musculus","Conf3","nocturnal/crepuscular"
"Balaenoptera musculus","Mysticeti","3,4,4,3,3,4,3,3,3","Balaenoptera_musculus","Conf3","cathemeral"
"Balaenoptera musculus","Mysticeti","3,4,4,3,3,4,3,3,3","Balaenoptera_musculus","Conf3","nocturnal/crepuscular"
"Balaenoptera musculus","Mysticeti","3,4,4,3,3,4,3,3,3","Balaenoptera_musculus","Conf4","cathemeral"
"Balaenoptera musculus","Mysticeti","3,4,4,3,3,4,3,3,3","Balaenoptera_musculus","Conf4","nocturnal"
"Balaenoptera musculus","Mysticeti","3,4,4,3,3,4,3,3,3","Balaenoptera_musculus","Conf4","cathemeral"
"Balaenoptera musculus","Mysticeti","3,4,4,3,3,4,3,3,3","Balaenoptera_musculus","Conf4","cathemeral"
"Balaenoptera omurai","Mysticeti","3,3","Balaenoptera_omurai","Conf3","diurnal"
"Balaenoptera omurai","Mysticeti","3,3","Balaenoptera_omurai","Conf3","cathemeral"
"Balaenoptera physalus","Mysticeti","3,4,4,3,3,2,3,3,3,4,4","Balaenoptera_physalus","Conf2","cathemeral"
"Balaenoptera physalus","Mysticeti","3,4,4,3,3,2,3,3,3,4,4","Balaenoptera_physalus","Conf3","cathemeral"
"Balaenoptera physalus","Mysticeti","3,4,4,3,3,2,3,3,3,4,4","Balaenoptera_physalus","Conf3","cathemeral"
"Balaenoptera physalus","Mysticeti","3,4,4,3,3,2,3,3,3,4,4","Balaenoptera_physalus","Conf3","cathemeral"
"Balaenoptera physalus","Mysticeti","3,4,4,3,3,2,3,3,3,4,4","Balaenoptera_physalus","Conf3","nocturnal/crepuscular"
"Balaenoptera physalus","Mysticeti","3,4,4,3,3,2,3,3,3,4,4","Balaenoptera_physalus","Conf3","cathemeral"
"Balaenoptera physalus","Mysticeti","3,4,4,3,3,2,3,3,3,4,4","Balaenoptera_physalus","Conf3","nocturnal"
"Balaenoptera physalus","Mysticeti","3,4,4,3,3,2,3,3,3,4,4","Balaenoptera_physalus","Conf4","cathemeral"
"Balaenoptera physalus","Mysticeti","3,4,4,3,3,2,3,3,3,4,4","Balaenoptera_physalus","Conf4","cathemeral"
"Balaenoptera physalus","Mysticeti","3,4,4,3,3,2,3,3,3,4,4","Balaenoptera_physalus","Conf4","cathemeral"
"Balaenoptera physalus","Mysticeti","3,4,4,3,3,2,3,3,3,4,4","Balaenoptera_physalus","Conf4","cathemeral"
"Balaenoptera ricei","Mysticeti","4,4,3","Balaenoptera_ricei","Conf3","nocturnal"
"Balaenoptera ricei","Mysticeti","4,4,3","Balaenoptera_ricei","Conf4","diurnal"
"Balaenoptera ricei","Mysticeti","4,4,3","Balaenoptera_ricei","Conf4","diurnal"
"Berardius arnuxii","Odontoceti","1,1,1,1,1","Berardius_arnuxii","Conf1","diurnal"
"Berardius arnuxii","Odontoceti","1,1,1,1,1","Berardius_arnuxii","Conf1","diurnal"
"Berardius arnuxii","Odontoceti","1,1,1,1,1","Berardius_arnuxii","Conf1","cathemeral"
"Berardius bairdii","Odontoceti","3,4,4,3","Berardius_bairdii","Conf3","cathemeral"
"Berardius bairdii","Odontoceti","3,4,4,3","Berardius_bairdii","Conf3","diurnal/cathemeral"
"Berardius bairdii","Odontoceti","3,4,4,3","Berardius_bairdii","Conf4","cathemeral"
"Berardius bairdii","Odontoceti","3,4,4,3","Berardius_bairdii","Conf4","cathemeral"
"Caperea marginata","Mysticeti","1,1,1,3","Caperea_marginata","Conf1","nocturnal"
"Caperea marginata","Mysticeti","1,1,1,3","Caperea_marginata","Conf1","diurnal"
"Caperea marginata","Mysticeti","1,1,1,3","Caperea_marginata","Conf3","cathemeral"
"Cephalorhynchus commersonii","Odontoceti","5,2,2,3,2,2","Cephalorhynchus_commersonii","Conf2","cathemeral"
"Cephalorhynchus commersonii","Odontoceti","5,2,2,3,2,2","Cephalorhynchus_commersonii","Conf3","cathemeral"
"Cephalorhynchus commersonii","Odontoceti","5,2,2,3,2,2","Cephalorhynchus_commersonii","Conf5","diurnal"
"Cephalorhynchus eutropia","Odontoceti","2,2,2,3","Cephalorhynchus_eutropia","Conf2","nocturnal"
"Cephalorhynchus eutropia","Odontoceti","2,2,2,3","Cephalorhynchus_eutropia","Conf3","cathemeral"
"Cephalorhynchus heavisidii","Odontoceti","2,4,3,4,2,2","Cephalorhynchus_heavisidii","Conf2","nocturnal"
"Cephalorhynchus heavisidii","Odontoceti","2,4,3,4,2,2","Cephalorhynchus_heavisidii","Conf2","nocturnal"
"Cephalorhynchus heavisidii","Odontoceti","2,4,3,4,2,2","Cephalorhynchus_heavisidii","Conf2","nocturnal"
"Cephalorhynchus heavisidii","Odontoceti","2,4,3,4,2,2","Cephalorhynchus_heavisidii","Conf3","nocturnal/crepuscular"
"Cephalorhynchus heavisidii","Odontoceti","2,4,3,4,2,2","Cephalorhynchus_heavisidii","Conf3","nocturnal/crepuscular"
"Cephalorhynchus heavisidii","Odontoceti","2,4,3,4,2,2","Cephalorhynchus_heavisidii","Conf4","nocturnal"
"Cephalorhynchus heavisidii","Odontoceti","2,4,3,4,2,2","Cephalorhynchus_heavisidii","Conf4","nocturnal/crepuscular"
"Cephalorhynchus hectori","Odontoceti","4,2,3,3,3,3,2","Cephalorhynchus_hectori","Conf3","diurnal"
"Cephalorhynchus hectori","Odontoceti","4,2,3,3,3,3,2","Cephalorhynchus_hectori","Conf3","cathemeral"
"Cephalorhynchus hectori","Odontoceti","4,2,3,3,3,3,2","Cephalorhynchus_hectori","Conf3","diurnal"
"Cephalorhynchus hectori","Odontoceti","4,2,3,3,3,3,2","Cephalorhynchus_hectori","Conf3","cathemeral"
"Cephalorhynchus hectori","Odontoceti","4,2,3,3,3,3,2","Cephalorhynchus_hectori","Conf4","cathemeral"
"Delphinapterus leucas","Odontoceti","3,5,1,4,4,4,5,4","Delphinapterus_leucas","Conf1","diurnal"
"Delphinapterus leucas","Odontoceti","3,5,1,4,4,4,5,4","Delphinapterus_leucas","Conf3","diurnal"
"Delphinapterus leucas","Odontoceti","3,5,1,4,4,4,5,4","Delphinapterus_leucas","Conf4","diurnal"
"Delphinapterus leucas","Odontoceti","3,5,1,4,4,4,5,4","Delphinapterus_leucas","Conf4","cathemeral"
"Delphinapterus leucas","Odontoceti","3,5,1,4,4,4,5,4","Delphinapterus_leucas","Conf4","nocturnal"
"Delphinapterus leucas","Odontoceti","3,5,1,4,4,4,5,4","Delphinapterus_leucas","Conf4","diurnal"
"Delphinapterus leucas","Odontoceti","3,5,1,4,4,4,5,4","Delphinapterus_leucas","Conf5","diurnal"
"Delphinapterus leucas","Odontoceti","3,5,1,4,4,4,5,4","Delphinapterus_leucas","Conf5","cathemeral"
"Delphinus delphis","Odontoceti","3,2,3,2,3,1,4","Delphinus_delphis","Conf1","nocturnal"
"Delphinus delphis","Odontoceti","3,2,3,2,3,1,4","Delphinus_delphis","Conf3","nocturnal"
"Delphinus delphis","Odontoceti","3,2,3,2,3,1,4","Delphinus_delphis","Conf3","nocturnal"
"Delphinus delphis","Odontoceti","3,2,3,2,3,1,4","Delphinus_delphis","Conf3","nocturnal"
"Delphinus delphis","Odontoceti","3,2,3,2,3,1,4","Delphinus_delphis","Conf4","nocturnal"
"Eschrichtius robustus","Mysticeti","3,3,2,3,5,5,4","Eschrichtius_robustus","Conf2","diurnal"
"Eschrichtius robustus","Mysticeti","3,3,2,3,5,5,4","Eschrichtius_robustus","Conf3","nocturnal/crepuscular"
"Eschrichtius robustus","Mysticeti","3,3,2,3,5,5,4","Eschrichtius_robustus","Conf3","cathemeral/crepuscular"
"Eschrichtius robustus","Mysticeti","3,3,2,3,5,5,4","Eschrichtius_robustus","Conf3","cathemeral"
"Eschrichtius robustus","Mysticeti","3,3,2,3,5,5,4","Eschrichtius_robustus","Conf4","diurnal"
"Eschrichtius robustus","Mysticeti","3,3,2,3,5,5,4","Eschrichtius_robustus","Conf5","cathemeral"
"Eschrichtius robustus","Mysticeti","3,3,2,3,5,5,4","Eschrichtius_robustus","Conf5","diurnal"
"Eubalaena australis","Mysticeti","2,3,3, 2, 2, 3, 2","Eubalaena_australis","Conf2","unclear/crepuscular"
"Eubalaena australis","Mysticeti","2,3,3, 2, 2, 3, 2","Eubalaena_australis","Conf2","diurnal"
"Eubalaena australis","Mysticeti","2,3,3, 2, 2, 3, 2","Eubalaena_australis","Conf3","cathemeral"
"Eubalaena australis","Mysticeti","2,3,3, 2, 2, 3, 2","Eubalaena_australis","Conf3","nocturnal/crepuscular"
"Eubalaena australis","Mysticeti","2,3,3, 2, 2, 3, 2","Eubalaena_australis","Conf3","nocturnal/crepuscular"
"Eubalaena glacialis","Mysticeti","4,3,3,1,4,3,3,3,3,3","Eubalaena_glacialis","Conf1","nocturnal/crepuscular"
"Eubalaena glacialis","Mysticeti","4,3,3,1,4,3,3,3,3,3","Eubalaena_glacialis","Conf3","diurnal/cathemeral"
"Eubalaena glacialis","Mysticeti","4,3,3,1,4,3,3,3,3,3","Eubalaena_glacialis","Conf3","nocturnal/crepuscular"
"Eubalaena glacialis","Mysticeti","4,3,3,1,4,3,3,3,3,3","Eubalaena_glacialis","Conf3","nocturnal/crepuscular"
"Eubalaena glacialis","Mysticeti","4,3,3,1,4,3,3,3,3,3","Eubalaena_glacialis","Conf3","cathemeral/crepuscular"
"Eubalaena glacialis","Mysticeti","4,3,3,1,4,3,3,3,3,3","Eubalaena_glacialis","Conf3","nocturnal"
"Eubalaena glacialis","Mysticeti","4,3,3,1,4,3,3,3,3,3","Eubalaena_glacialis","Conf3","cathemeral/crepuscular"
"Eubalaena glacialis","Mysticeti","4,3,3,1,4,3,3,3,3,3","Eubalaena_glacialis","Conf3","nocturnal"
"Eubalaena glacialis","Mysticeti","4,3,3,1,4,3,3,3,3,3","Eubalaena_glacialis","Conf4","cathemeral"
"Eubalaena glacialis","Mysticeti","4,3,3,1,4,3,3,3,3,3","Eubalaena_glacialis","Conf4","cathemeral/crepuscular"
"Eubalaena japonica","Mysticeti","3,2, 2, 3","Eubalaena_japonica","Conf2","diurnal"
"Eubalaena japonica","Mysticeti","3,2, 2, 3","Eubalaena_japonica","Conf3","nocturnal"
"Eubalaena japonica","Mysticeti","3,2, 2, 3","Eubalaena_japonica","Conf3","nocturnal"
"Eubalaena japonica","Mysticeti","3,2, 2, 3","Eubalaena_japonica","Conf3","nocturnal/crepuscular"
"Feresa attenuata","Odontoceti","4,1,2","Feresa_attenuata","Conf1","nocturnal"
"Feresa attenuata","Odontoceti","4,1,2","Feresa_attenuata","Conf2","nocturnal"
"Feresa attenuata","Odontoceti","4,1,2","Feresa_attenuata","Conf4","nocturnal"
"Globicephala macrorhynchus","Odontoceti","4,4,3,4,4,3,4","Globicephala_macrorhynchus","Conf3","nocturnal/crepuscular"
"Globicephala macrorhynchus","Odontoceti","4,4,3,4,4,3,4","Globicephala_macrorhynchus","Conf3","nocturnal"
"Globicephala macrorhynchus","Odontoceti","4,4,3,4,4,3,4","Globicephala_macrorhynchus","Conf4","nocturnal"
"Globicephala macrorhynchus","Odontoceti","4,4,3,4,4,3,4","Globicephala_macrorhynchus","Conf4","nocturnal"
"Globicephala macrorhynchus","Odontoceti","4,4,3,4,4,3,4","Globicephala_macrorhynchus","Conf4","nocturnal"
"Globicephala macrorhynchus","Odontoceti","4,4,3,4,4,3,4","Globicephala_macrorhynchus","Conf4","nocturnal"
"Globicephala macrorhynchus","Odontoceti","4,4,3,4,4,3,4","Globicephala_macrorhynchus","Conf4","nocturnal"
"Globicephala melas","Odontoceti","4,4,3,2","Globicephala_melas","Conf2","unclear/crepuscular"
"Globicephala melas","Odontoceti","4,4,3,2","Globicephala_melas","Conf3","nocturnal"
"Globicephala melas","Odontoceti","4,4,3,2","Globicephala_melas","Conf4","nocturnal"
"Globicephala melas","Odontoceti","4,4,3,2","Globicephala_melas","Conf4","nocturnal"
"Grampus griseus","Odontoceti","3,2,4 2,2,3,3,3,4","Grampus_griseus","Conf2","nocturnal"
"Grampus griseus","Odontoceti","3,2,4 2,2,3,3,3,4","Grampus_griseus","Conf2","nocturnal"
"Grampus griseus","Odontoceti","3,2,4 2,2,3,3,3,4","Grampus_griseus","Conf3","nocturnal/crepuscular"
"Grampus griseus","Odontoceti","3,2,4 2,2,3,3,3,4","Grampus_griseus","Conf3","nocturnal"
"Grampus griseus","Odontoceti","3,2,4 2,2,3,3,3,4","Grampus_griseus","Conf3","nocturnal/crepuscular"
"Grampus griseus","Odontoceti","3,2,4 2,2,3,3,3,4","Grampus_griseus","Conf3","nocturnal"
"Grampus griseus","Odontoceti","3,2,4 2,2,3,3,3,4","Grampus_griseus","Conf4","nocturnal/crepuscular"
"Grampus griseus","Odontoceti","3,2,4 2,2,3,3,3,4","Grampus_griseus","Conf4","nocturnal"
"Hyperoodon ampullatus","Odontoceti","3,3,4,4","Hyperoodon_ampullatus","Conf3","nocturnal"
"Hyperoodon ampullatus","Odontoceti","3,3,4,4","Hyperoodon_ampullatus","Conf3","cathemeral"
"Hyperoodon ampullatus","Odontoceti","3,3,4,4","Hyperoodon_ampullatus","Conf4","cathemeral"
"Hyperoodon ampullatus","Odontoceti","3,3,4,4","Hyperoodon_ampullatus","Conf4","cathemeral"
"Hyperoodon planifrons","Odontoceti","3,3","Hyperoodon_planifrons","Conf3","diurnal"
"Hyperoodon planifrons","Odontoceti","3,3","Hyperoodon_planifrons","Conf3","diurnal/crepuscular"
"Indopacetus pacificus","Odontoceti","3,3","Indopacetus_pacificus","Conf3","nocturnal/crepuscular"
"Indopacetus pacificus","Odontoceti","3,3","Indopacetus_pacificus","Conf3","nocturnal"
"Inia boliviensis","Odontoceti","1","Inia_boliviensis","Conf1","nocturnal"
"Inia geoffrensis","Odontoceti","3,3,3,5,2","Inia_geoffrensis","Conf2","nocturnal"
"Inia geoffrensis","Odontoceti","3,3,3,5,2","Inia_geoffrensis","Conf3","diurnal"
"Inia geoffrensis","Odontoceti","3,3,3,5,2","Inia_geoffrensis","Conf3","nocturnal/cathemeral"
"Inia geoffrensis","Odontoceti","3,3,3,5,2","Inia_geoffrensis","Conf3","cathemeral"
"Inia geoffrensis","Odontoceti","3,3,3,5,2","Inia_geoffrensis","Conf5","cathemeral"
"Inia humboldtiana","Odontoceti","1","Inia_humboldtiana","Conf1","nocturnal"
"Kogia breviceps","Odontoceti","3,1,1,4,3,3","Kogia_breviceps","Conf1","nocturnal"
"Kogia breviceps","Odontoceti","3,1,1,4,3,3","Kogia_breviceps","Conf3","cathemeral"
"Kogia breviceps","Odontoceti","3,1,1,4,3,3","Kogia_breviceps","Conf3","nocturnal/crepuscular"
"Kogia breviceps","Odontoceti","3,1,1,4,3,3","Kogia_breviceps","Conf3","cathemeral"
"Kogia breviceps","Odontoceti","3,1,1,4,3,3","Kogia_breviceps","Conf4","nocturnal/crepuscular"
"Kogia sima","Odontoceti","3,2,1,3,3","Kogia_sima","Conf1","nocturnal"
"Kogia sima","Odontoceti","3,2,1,3,3","Kogia_sima","Conf2","nocturnal"
"Kogia sima","Odontoceti","3,2,1,3,3","Kogia_sima","Conf3","cathemeral"
"Kogia sima","Odontoceti","3,2,1,3,3","Kogia_sima","Conf3","nocturnal/crepuscular"
"Kogia sima","Odontoceti","3,2,1,3,3","Kogia_sima","Conf3","cathemeral"
"Lagenodelphis hosei","Odontoceti","1,3","Lagenodelphis_hosei","Conf1","nocturnal"
"Lagenodelphis hosei","Odontoceti","1,3","Lagenodelphis_hosei","Conf3","nocturnal"
"Lagenorhynchus acutus","Odontoceti","2,3","Lagenorhynchus_acutus","Conf2","diurnal"
"Lagenorhynchus acutus","Odontoceti","2,3","Lagenorhynchus_acutus","Conf3","nocturnal"
"Lagenorhynchus albirostris","Odontoceti","2,4","Lagenorhynchus_albirostris","Conf4","nocturnal/crepuscular"
"Lagenorhynchus australis","Odontoceti","2,2,2,1,1,3","Lagenorhynchus_australis","Conf1","nocturnal"
"Lagenorhynchus australis","Odontoceti","2,2,2,1,1,3","Lagenorhynchus_australis","Conf1","nocturnal"
"Lagenorhynchus australis","Odontoceti","2,2,2,1,1,3","Lagenorhynchus_australis","Conf2","nocturnal"
"Lagenorhynchus australis","Odontoceti","2,2,2,1,1,3","Lagenorhynchus_australis","Conf2","nocturnal"
"Lagenorhynchus australis","Odontoceti","2,2,2,1,1,3","Lagenorhynchus_australis","Conf3","nocturnal"
"Lagenorhynchus cruciger","Odontoceti","1,0.5,1,1","Lagenorhynchus_cruciger","Conf1","nocturnal"
"Lagenorhynchus cruciger","Odontoceti","1,0.5,1,1","Lagenorhynchus_cruciger","Conf1","nocturnal"
"Lagenorhynchus cruciger","Odontoceti","1,0.5,1,1","Lagenorhynchus_cruciger","Conf1","diurnal"
"Lagenorhynchus obliquidens","Odontoceti","3,5,3,3,3","Lagenorhynchus_obliquidens","Conf3","nocturnal/crepuscular"
"Lagenorhynchus obliquidens","Odontoceti","3,5,3,3,3","Lagenorhynchus_obliquidens","Conf3","cathemeral"
"Lagenorhynchus obliquidens","Odontoceti","3,5,3,3,3","Lagenorhynchus_obliquidens","Conf3","nocturnal"
"Lagenorhynchus obliquidens","Odontoceti","3,5,3,3,3","Lagenorhynchus_obliquidens","Conf3","cathemeral/crepuscular"
"Lagenorhynchus obliquidens","Odontoceti","3,5,3,3,3","Lagenorhynchus_obliquidens","Conf5","diurnal"
"Lagenorhynchus obscurus","Odontoceti","4,2,2,2,4,4,3,2,3,2","Lagenorhynchus_obscurus","Conf1","nocturnal"
"Lagenorhynchus obscurus","Odontoceti","4,2,2,2,4,4,3,2,3,2","Lagenorhynchus_obscurus","Conf2","cathemeral"
"Lagenorhynchus obscurus","Odontoceti","4,2,2,2,4,4,3,2,3,2","Lagenorhynchus_obscurus","Conf2","diurnal/crepuscular"
"Lagenorhynchus obscurus","Odontoceti","4,2,2,2,4,4,3,2,3,2","Lagenorhynchus_obscurus","Conf3","nocturnal"
"Lagenorhynchus obscurus","Odontoceti","4,2,2,2,4,4,3,2,3,2","Lagenorhynchus_obscurus","Conf3","nocturnal"
"Lagenorhynchus obscurus","Odontoceti","4,2,2,2,4,4,3,2,3,2","Lagenorhynchus_obscurus","Conf4","cathemeral"
"Lagenorhynchus obscurus","Odontoceti","4,2,2,2,4,4,3,2,3,2","Lagenorhynchus_obscurus","Conf4","nocturnal/crepuscular"
"Lagenorhynchus obscurus","Odontoceti","4,2,2,2,4,4,3,2,3,2","Lagenorhynchus_obscurus","Conf4","nocturnal/crepuscular"
"Lipotes vexillifer","Odontoceti","1,5,5,2","Lipotes_vexillifer","Conf1","nocturnal"
"Lipotes vexillifer","Odontoceti","1,5,5,2","Lipotes_vexillifer","Conf2","diurnal"
"Lipotes vexillifer","Odontoceti","1,5,5,2","Lipotes_vexillifer","Conf5","diurnal"
"Lipotes vexillifer","Odontoceti","1,5,5,2","Lipotes_vexillifer","Conf5","diurnal"
"Lissodelphis borealis","Odontoceti","1","Lissodelphis_borealis","Conf1","nocturnal"
"Lissodelphis peronii","Odontoceti","1","Lissodelphis_peronii","Conf1","nocturnal"
"Megaptera novaeangliae","Mysticeti","4,4,4,3,4,4,4,4","Megaptera_novaeangliae","Conf3","nocturnal"
"Megaptera novaeangliae","Mysticeti","4,4,4,3,4,4,4,4","Megaptera_novaeangliae","Conf4","cathemeral"
"Megaptera novaeangliae","Mysticeti","4,4,4,3,4,4,4,4","Megaptera_novaeangliae","Conf4","cathemeral"
"Megaptera novaeangliae","Mysticeti","4,4,4,3,4,4,4,4","Megaptera_novaeangliae","Conf4","cathemeral"
"Megaptera novaeangliae","Mysticeti","4,4,4,3,4,4,4,4","Megaptera_novaeangliae","Conf4","cathemeral"
"Megaptera novaeangliae","Mysticeti","4,4,4,3,4,4,4,4","Megaptera_novaeangliae","Conf4","nocturnal/cathemeral"
"Megaptera novaeangliae","Mysticeti","4,4,4,3,4,4,4,4","Megaptera_novaeangliae","Conf4","nocturnal"
"Megaptera novaeangliae","Mysticeti","4,4,4,3,4,4,4,4","Megaptera_novaeangliae","Conf4","cathemeral"
"Megaptera novaeangliae","Mysticeti","4,4,4,3,4,4,4,4","Megaptera_novaeangliae","Conf4","nocturnal"
"Mesoplodon bidens","Odontoceti","3,4","Mesoplodon_bidens","Conf3","cathemeral"
"Mesoplodon bidens","Odontoceti","3,4","Mesoplodon_bidens","Conf4","cathemeral"
"Mesoplodon densirostris","Odontoceti","4,4,3,4,3,3","Mesoplodon_densirostris","Conf3","cathemeral"
"Mesoplodon densirostris","Odontoceti","4,4,3,4,3,3","Mesoplodon_densirostris","Conf3","cathemeral"
"Mesoplodon densirostris","Odontoceti","4,4,3,4,3,3","Mesoplodon_densirostris","Conf3","cathemeral"
"Mesoplodon densirostris","Odontoceti","4,4,3,4,3,3","Mesoplodon_densirostris","Conf4","cathemeral"
"Mesoplodon densirostris","Odontoceti","4,4,3,4,3,3","Mesoplodon_densirostris","Conf4","cathemeral"
"Mesoplodon densirostris","Odontoceti","4,4,3,4,3,3","Mesoplodon_densirostris","Conf4","cathemeral"
"Mesoplodon europaeus","Odontoceti","3,3","Mesoplodon_europaeus","Conf3","cathemeral"
"Mesoplodon europaeus","Odontoceti","3,3","Mesoplodon_europaeus","Conf3","cathemeral"
"Mesoplodon ginkgodens","Odontoceti","3, 3","Mesoplodon_ginkgodens","Conf3","nocturnal"
"Mesoplodon ginkgodens","Odontoceti","3, 3","Mesoplodon_ginkgodens","Conf3","nocturnal"
"Mesoplodon hotaula","Odontoceti","3","Mesoplodon_hotaula","Conf3","diurnal"
"Mesoplodon mirus","Odontoceti","3","Mesoplodon_mirus","Conf3","diurnal/crepuscular"
"Mesoplodon stejnegeri","Odontoceti","3,3","Mesoplodon_stejnegeri","Conf3","cathemeral"
"Mesoplodon stejnegeri","Odontoceti","3,3","Mesoplodon_stejnegeri","Conf3","cathemeral"
"Monodon monoceros","Odontoceti","4,4,4,4,3,4,4","Monodon_monoceros","Conf3","diurnal/crepuscular"
"Monodon monoceros","Odontoceti","4,4,4,4,3,4,4","Monodon_monoceros","Conf4","cathemeral"
"Monodon monoceros","Odontoceti","4,4,4,4,3,4,4","Monodon_monoceros","Conf4","cathemeral"
"Monodon monoceros","Odontoceti","4,4,4,4,3,4,4","Monodon_monoceros","Conf4","cathemeral"
"Monodon monoceros","Odontoceti","4,4,4,4,3,4,4","Monodon_monoceros","Conf4","nocturnal/crepuscular"
"Monodon monoceros","Odontoceti","4,4,4,4,3,4,4","Monodon_monoceros","Conf4","cathemeral"
"Neophocaena asiaeorientalis","Odontoceti","3,3,5,2,3,4","Neophocaena_asiaeorientalis","Conf3","nocturnal/crepuscular"
"Neophocaena asiaeorientalis","Odontoceti","3,3,5,2,3,4","Neophocaena_asiaeorientalis","Conf3","nocturnal/crepuscular"
"Neophocaena asiaeorientalis","Odontoceti","3,3,5,2,3,4","Neophocaena_asiaeorientalis","Conf3","nocturnal"
"Neophocaena asiaeorientalis","Odontoceti","3,3,5,2,3,4","Neophocaena_asiaeorientalis","Conf5","diurnal/cathemeral"
"Neophocaena phocaenoides","Odontoceti","3,3,3","Neophocaena_phocaenoides","Conf3","nocturnal/crepuscular"
"Neophocaena phocaenoides","Odontoceti","3,3,3","Neophocaena_phocaenoides","Conf3","nocturnal"
"Neophocaena phocaenoides","Odontoceti","3,3,3","Neophocaena_phocaenoides","Conf3","nocturnal/cathemeral"
"Neophocaena sunameri","Odontoceti","3,3,3","Neophocaena_sunameri","Conf3","diurnal/cathemeral"
"Neophocaena sunameri","Odontoceti","3,3,3","Neophocaena_sunameri","Conf3","diurnal"
"Neophocaena sunameri","Odontoceti","3,3,3","Neophocaena_sunameri","Conf3","diurnal"
"Orcaella brevirostris","Odontoceti","2,2,3,3,2,3","Orcaella_brevirostris","Conf2","unclear/crepuscular"
"Orcaella brevirostris","Odontoceti","2,2,3,3,2,3","Orcaella_brevirostris","Conf2","unclear/crepuscular"
"Orcaella brevirostris","Odontoceti","2,2,3,3,2,3","Orcaella_brevirostris","Conf2","unclear/crepuscular"
"Orcaella brevirostris","Odontoceti","2,2,3,3,2,3","Orcaella_brevirostris","Conf3","cathemeral"
"Orcaella brevirostris","Odontoceti","2,2,3,3,2,3","Orcaella_brevirostris","Conf3","cathemeral"
"Orcaella brevirostris","Odontoceti","2,2,3,3,2,3","Orcaella_brevirostris","Conf3","nocturnal"
"Orcaella heinsohni","Odontoceti","2,2,1,2,2","Orcaella_heinsohni","Conf1","nocturnal"
"Orcinus orca","Odontoceti","4,3,1,4,4,1,4,5,4","Orcinus_orca","Conf1","diurnal"
"Orcinus orca","Odontoceti","4,3,1,4,4,1,4,5,4","Orcinus_orca","Conf1","diurnal"
"Orcinus orca","Odontoceti","4,3,1,4,4,1,4,5,4","Orcinus_orca","Conf3","diurnal/cathemeral"
"Orcinus orca","Odontoceti","4,3,1,4,4,1,4,5,4","Orcinus_orca","Conf4","diurnal"
"Orcinus orca","Odontoceti","4,3,1,4,4,1,4,5,4","Orcinus_orca","Conf4","diurnal/cathemeral"
"Orcinus orca","Odontoceti","4,3,1,4,4,1,4,5,4","Orcinus_orca","Conf4","diurnal"
"Orcinus orca","Odontoceti","4,3,1,4,4,1,4,5,4","Orcinus_orca","Conf4","diurnal"
"Orcinus orca","Odontoceti","4,3,1,4,4,1,4,5,4","Orcinus_orca","Conf4","diurnal"
"Orcinus orca","Odontoceti","4,3,1,4,4,1,4,5,4","Orcinus_orca","Conf5","diurnal"
"Peponocephala electra","Odontoceti","2,3,4,5,1","Peponocephala_electra","Conf1","diurnal"
"Peponocephala electra","Odontoceti","2,3,4,5,1","Peponocephala_electra","Conf2","nocturnal"
"Peponocephala electra","Odontoceti","2,3,4,5,1","Peponocephala_electra","Conf3","nocturnal"
"Peponocephala electra","Odontoceti","2,3,4,5,1","Peponocephala_electra","Conf4","nocturnal"
"Peponocephala electra","Odontoceti","2,3,4,5,1","Peponocephala_electra","Conf5","diurnal/cathemeral"
"Phocoena phocoena","Odontoceti","3,3,4,3,3,4,3,3,4,3,3","Phocoena_phocoena","Conf3","nocturnal/crepuscular"
"Phocoena phocoena","Odontoceti","3,3,4,3,3,4,3,3,4,3,3","Phocoena_phocoena","Conf3","nocturnal"
"Phocoena phocoena","Odontoceti","3,3,4,3,3,4,3,3,4,3,3","Phocoena_phocoena","Conf3","cathemeral"
"Phocoena phocoena","Odontoceti","3,3,4,3,3,4,3,3,4,3,3","Phocoena_phocoena","Conf3","cathemeral"
"Phocoena phocoena","Odontoceti","3,3,4,3,3,4,3,3,4,3,3","Phocoena_phocoena","Conf3","nocturnal"
"Phocoena phocoena","Odontoceti","3,3,4,3,3,4,3,3,4,3,3","Phocoena_phocoena","Conf3","nocturnal"
"Phocoena phocoena","Odontoceti","3,3,4,3,3,4,3,3,4,3,3","Phocoena_phocoena","Conf3","nocturnal/crepuscular"
"Phocoena phocoena","Odontoceti","3,3,4,3,3,4,3,3,4,3,3","Phocoena_phocoena","Conf3","cathemeral"
"Phocoena phocoena","Odontoceti","3,3,4,3,3,4,3,3,4,3,3","Phocoena_phocoena","Conf4","diurnal/cathemeral"
"Phocoena phocoena","Odontoceti","3,3,4,3,3,4,3,3,4,3,3","Phocoena_phocoena","Conf4","nocturnal/crepuscular"
"Phocoena phocoena","Odontoceti","3,3,4,3,3,4,3,3,4,3,3","Phocoena_phocoena","Conf4","nocturnal"
"Phocoena sinus","Odontoceti","3","Phocoena_sinus","Conf3","cathemeral/crepuscular"
"Phocoena spinipinnis","Odontoceti","2,2,1,2,2,0.5","Phocoena_spinipinnis","Conf1","cathemeral"
"Phocoena spinipinnis","Odontoceti","2,2,1,2,2,0.5","Phocoena_spinipinnis","Conf2","diurnal"
"Phocoena spinipinnis","Odontoceti","2,2,1,2,2,0.5","Phocoena_spinipinnis","Conf2","diurnal"
"Phocoena spinipinnis","Odontoceti","2,2,1,2,2,0.5","Phocoena_spinipinnis","Conf2","nocturnal"
"Phocoenoides dalli","Odontoceti","2,3,3","Phocoenoides_dalli","Conf2","unclear/crepuscular"
"Phocoenoides dalli","Odontoceti","2,3,3","Phocoenoides_dalli","Conf3","cathemeral/crepuscular"
"Phocoenoides dalli","Odontoceti","2,3,3","Phocoenoides_dalli","Conf3","diurnal/crepuscular"
"Physeter macrocephalus","Odontoceti","3,4,3,4,4,3,3,3,3,3,4,3,4","Physeter_macrocephalus","Conf3","nocturnal/crepuscular"
"Physeter macrocephalus","Odontoceti","3,4,3,4,4,3,3,3,3,3,4,3,4","Physeter_macrocephalus","Conf3","nocturnal"
"Physeter macrocephalus","Odontoceti","3,4,3,4,4,3,3,3,3,3,4,3,4","Physeter_macrocephalus","Conf3","cathemeral"
"Physeter macrocephalus","Odontoceti","3,4,3,4,4,3,3,3,3,3,4,3,4","Physeter_macrocephalus","Conf3","diurnal"
"Physeter macrocephalus","Odontoceti","3,4,3,4,4,3,3,3,3,3,4,3,4","Physeter_macrocephalus","Conf3","nocturnal"
"Physeter macrocephalus","Odontoceti","3,4,3,4,4,3,3,3,3,3,4,3,4","Physeter_macrocephalus","Conf3","cathemeral"
"Physeter macrocephalus","Odontoceti","3,4,3,4,4,3,3,3,3,3,4,3,4","Physeter_macrocephalus","Conf3","nocturnal/crepuscular"
"Physeter macrocephalus","Odontoceti","3,4,3,4,4,3,3,3,3,3,4,3,4","Physeter_macrocephalus","Conf3","cathemeral"
"Physeter macrocephalus","Odontoceti","3,4,3,4,4,3,3,3,3,3,4,3,4","Physeter_macrocephalus","Conf4","diurnal/cathemeral"
"Physeter macrocephalus","Odontoceti","3,4,3,4,4,3,3,3,3,3,4,3,4","Physeter_macrocephalus","Conf4","cathemeral"
"Physeter macrocephalus","Odontoceti","3,4,3,4,4,3,3,3,3,3,4,3,4","Physeter_macrocephalus","Conf4","nocturnal"
"Physeter macrocephalus","Odontoceti","3,4,3,4,4,3,3,3,3,3,4,3,4","Physeter_macrocephalus","Conf4","cathemeral"
"Physeter macrocephalus","Odontoceti","3,4,3,4,4,3,3,3,3,3,4,3,4","Physeter_macrocephalus","Conf4","diurnal"
"Platanista gangetica","Odontoceti","3,3,2,3","Platanista_gangetica","Conf2","unclear/crepuscular"
"Platanista gangetica","Odontoceti","3,3,2,3","Platanista_gangetica","Conf3","cathemeral/crepuscular"
"Platanista gangetica","Odontoceti","3,3,2,3","Platanista_gangetica","Conf3","nocturnal"
"Platanista gangetica","Odontoceti","3,3,2,3","Platanista_gangetica","Conf3","nocturnal/crepuscular"
"Platanista minor","Odontoceti","3,1","Platanista_minor","Conf1","nocturnal"
"Platanista minor","Odontoceti","3,1","Platanista_minor","Conf3","nocturnal/crepuscular"
"Pontoporia blainvillei","Odontoceti","3,3,1,3,3","Pontoporia_blainvillei","Conf1","nocturnal"
"Pontoporia blainvillei","Odontoceti","3,3,1,3,3","Pontoporia_blainvillei","Conf3","nocturnal"
"Pontoporia blainvillei","Odontoceti","3,3,1,3,3","Pontoporia_blainvillei","Conf3","cathemeral"
"Pontoporia blainvillei","Odontoceti","3,3,1,3,3","Pontoporia_blainvillei","Conf3","nocturnal/crepuscular"
"Pontoporia blainvillei","Odontoceti","3,3,1,3,3","Pontoporia_blainvillei","Conf3","nocturnal/cathemeral"
"Pseudorca crassidens","Odontoceti","5,4, 4, 4","Pseudorca_crassidens","Conf4","diurnal"
"Pseudorca crassidens","Odontoceti","5,4, 4, 4","Pseudorca_crassidens","Conf4","diurnal"
"Pseudorca crassidens","Odontoceti","5,4, 4, 4","Pseudorca_crassidens","Conf4","diurnal"
"Pseudorca crassidens","Odontoceti","5,4, 4, 4","Pseudorca_crassidens","Conf5","diurnal"
"Sotalia fluviatilis","Odontoceti","3,2,2,3","Sotalia_fluviatilis","Conf2","unclear/crepuscular"
"Sotalia fluviatilis","Odontoceti","3,2,2,3","Sotalia_fluviatilis","Conf2","crepuscular"
"Sotalia fluviatilis","Odontoceti","3,2,2,3","Sotalia_fluviatilis","Conf3","diurnal"
"Sotalia fluviatilis","Odontoceti","3,2,2,3","Sotalia_fluviatilis","Conf3","cathemeral"
"Sotalia guianensis","Odontoceti","3,2,2,2,2","Sotalia_guianensis","Conf2","unclear/crepuscular"
"Sotalia guianensis","Odontoceti","3,2,2,2,2","Sotalia_guianensis","Conf2","unclear/crepuscular"
"Sotalia guianensis","Odontoceti","3,2,2,2,2","Sotalia_guianensis","Conf2","nocturnal"
"Sotalia guianensis","Odontoceti","3,2,2,2,2","Sotalia_guianensis","Conf3","cathemeral"
"Sousa chinensis","Odontoceti","3,3,3,3,2,3","Sousa_chinensis","Conf3","nocturnal"
"Sousa chinensis","Odontoceti","3,3,3,3,2,3","Sousa_chinensis","Conf3","nocturnal"
"Sousa chinensis","Odontoceti","3,3,3,3,2,3","Sousa_chinensis","Conf3","nocturnal/crepuscular"
"Sousa chinensis","Odontoceti","3,3,3,3,2,3","Sousa_chinensis","Conf3","cathemeral"
"Sousa chinensis","Odontoceti","3,3,3,3,2,3","Sousa_chinensis","Conf3","nocturnal"
"Sousa chinensis","Odontoceti","3,3,3,3,2,3","Sousa_chinensis","Conf3","nocturnal"
"Sousa plumbea","Odontoceti","3,3,2","Sousa_plumbea","Conf2","unclear/crepuscular"
"Sousa plumbea","Odontoceti","3,3,2","Sousa_plumbea","Conf3","nocturnal"
"Sousa plumbea","Odontoceti","3,3,2","Sousa_plumbea","Conf3","nocturnal/crepuscular"
"Sousa teuszii","Odontoceti","2,3,2","Sousa_teuszii","Conf3","nocturnal"
"Stenella attenuata","Odontoceti","2,4,4,4,3,1,4","Stenella_attenuata","Conf1","diurnal"
"Stenella attenuata","Odontoceti","2,4,4,4,3,1,4","Stenella_attenuata","Conf3","nocturnal"
"Stenella attenuata","Odontoceti","2,4,4,4,3,1,4","Stenella_attenuata","Conf4","nocturnal"
"Stenella attenuata","Odontoceti","2,4,4,4,3,1,4","Stenella_attenuata","Conf4","nocturnal"
"Stenella attenuata","Odontoceti","2,4,4,4,3,1,4","Stenella_attenuata","Conf4","nocturnal/crepuscular"
"Stenella attenuata","Odontoceti","2,4,4,4,3,1,4","Stenella_attenuata","Conf4","nocturnal"
"Stenella clymene","Odontoceti","1,1,2,1,2,1,1","Stenella_clymene","Conf1","nocturnal"
"Stenella clymene","Odontoceti","1,1,2,1,2,1,1","Stenella_clymene","Conf1","diurnal"
"Stenella clymene","Odontoceti","1,1,2,1,2,1,1","Stenella_clymene","Conf1","diurnal"
"Stenella clymene","Odontoceti","1,1,2,1,2,1,1","Stenella_clymene","Conf1","nocturnal"
"Stenella clymene","Odontoceti","1,1,2,1,2,1,1","Stenella_clymene","Conf1","nocturnal"
"Stenella coeruleoalba","Odontoceti","2,3,3,3,1","Stenella_coeruleoalba","Conf1","nocturnal"
"Stenella coeruleoalba","Odontoceti","2,3,3,3,1","Stenella_coeruleoalba","Conf3","nocturnal"
"Stenella coeruleoalba","Odontoceti","2,3,3,3,1","Stenella_coeruleoalba","Conf3","nocturnal"
"Stenella coeruleoalba","Odontoceti","2,3,3,3,1","Stenella_coeruleoalba","Conf3","nocturnal"
"Stenella frontalis","Odontoceti","2,2,3","Stenella_frontalis","Conf2","nocturnal"
"Stenella frontalis","Odontoceti","2,2,3","Stenella_frontalis","Conf2","diurnal"
"Stenella frontalis","Odontoceti","2,2,3","Stenella_frontalis","Conf3","nocturnal"
"Stenella longirostris","Odontoceti","4,2,2,4,2,3,3,2,1","Stenella_longirostris","Conf1","nocturnal"
"Stenella longirostris","Odontoceti","4,2,2,4,2,3,3,2,1","Stenella_longirostris","Conf2","nocturnal/cathemeral"
"Stenella longirostris","Odontoceti","4,2,2,4,2,3,3,2,1","Stenella_longirostris","Conf2","nocturnal"
"Stenella longirostris","Odontoceti","4,2,2,4,2,3,3,2,1","Stenella_longirostris","Conf2","nocturnal"
"Stenella longirostris","Odontoceti","4,2,2,4,2,3,3,2,1","Stenella_longirostris","Conf3","nocturnal/crepuscular"
"Stenella longirostris","Odontoceti","4,2,2,4,2,3,3,2,1","Stenella_longirostris","Conf3","nocturnal"
"Stenella longirostris","Odontoceti","4,2,2,4,2,3,3,2,1","Stenella_longirostris","Conf4","nocturnal"
"Stenella longirostris","Odontoceti","4,2,2,4,2,3,3,2,1","Stenella_longirostris","Conf4","nocturnal"
"Steno bredanensis","Odontoceti","4,2,2,4 ","Steno_bredanensis","Conf2","nocturnal"
"Steno bredanensis","Odontoceti","4,2,2,4 ","Steno_bredanensis","Conf2","nocturnal"
"Steno bredanensis","Odontoceti","4,2,2,4 ","Steno_bredanensis","Conf4","nocturnal/crepuscular"
"Steno bredanensis","Odontoceti","4,2,2,4 ","Steno_bredanensis","Conf4","nocturnal/crepuscular"
"Tursiops aduncus","Odontoceti","5,3,3,2,2,4,2,1,1,2","Tursiops_aduncus","Conf1","diurnal"
"Tursiops aduncus","Odontoceti","5,3,3,2,2,4,2,1,1,2","Tursiops_aduncus","Conf1","diurnal"
"Tursiops aduncus","Odontoceti","5,3,3,2,2,4,2,1,1,2","Tursiops_aduncus","Conf2","unclear/crepuscular"
"Tursiops aduncus","Odontoceti","5,3,3,2,2,4,2,1,1,2","Tursiops_aduncus","Conf2","unclear/crepuscular"
"Tursiops aduncus","Odontoceti","5,3,3,2,2,4,2,1,1,2","Tursiops_aduncus","Conf2","unclear/crepuscular"
"Tursiops aduncus","Odontoceti","5,3,3,2,2,4,2,1,1,2","Tursiops_aduncus","Conf2","unclear/crepuscular"
"Tursiops aduncus","Odontoceti","5,3,3,2,2,4,2,1,1,2","Tursiops_aduncus","Conf3","nocturnal"
"Tursiops aduncus","Odontoceti","5,3,3,2,2,4,2,1,1,2","Tursiops_aduncus","Conf3","nocturnal/crepuscular"
"Tursiops aduncus","Odontoceti","5,3,3,2,2,4,2,1,1,2","Tursiops_aduncus","Conf4","nocturnal"
"Tursiops aduncus","Odontoceti","5,3,3,2,2,4,2,1,1,2","Tursiops_aduncus","Conf5","diurnal"
"Tursiops truncatus","Odontoceti","5,5,5,5,5,4,4,4,3,3,4,3,2,2","Tursiops_truncatus","Conf2","unclear/crepuscular"
"Tursiops truncatus","Odontoceti","5,5,5,5,5,4,4,4,3,3,4,3,2,2","Tursiops_truncatus","Conf2","nocturnal"
"Tursiops truncatus","Odontoceti","5,5,5,5,5,4,4,4,3,3,4,3,2,2","Tursiops_truncatus","Conf2","unclear/crepuscular"
"Tursiops truncatus","Odontoceti","5,5,5,5,5,4,4,4,3,3,4,3,2,2","Tursiops_truncatus","Conf3","nocturnal/crepuscular"
"Tursiops truncatus","Odontoceti","5,5,5,5,5,4,4,4,3,3,4,3,2,2","Tursiops_truncatus","Conf3","diurnal"
"Tursiops truncatus","Odontoceti","5,5,5,5,5,4,4,4,3,3,4,3,2,2","Tursiops_truncatus","Conf3","cathemeral"
"Tursiops truncatus","Odontoceti","5,5,5,5,5,4,4,4,3,3,4,3,2,2","Tursiops_truncatus","Conf3","cathemeral"
"Tursiops truncatus","Odontoceti","5,5,5,5,5,4,4,4,3,3,4,3,2,2","Tursiops_truncatus","Conf3","cathemeral/crepuscular"
"Tursiops truncatus","Odontoceti","5,5,5,5,5,4,4,4,3,3,4,3,2,2","Tursiops_truncatus","Conf3","diurnal/crepuscular"
"Tursiops truncatus","Odontoceti","5,5,5,5,5,4,4,4,3,3,4,3,2,2","Tursiops_truncatus","Conf4","cathemeral/crepuscular"
"Tursiops truncatus","Odontoceti","5,5,5,5,5,4,4,4,3,3,4,3,2,2","Tursiops_truncatus","Conf4","cathemeral/crepuscular"
"Tursiops truncatus","Odontoceti","5,5,5,5,5,4,4,4,3,3,4,3,2,2","Tursiops_truncatus","Conf4","cathemeral/crepuscular"
"Tursiops truncatus","Odontoceti","5,5,5,5,5,4,4,4,3,3,4,3,2,2","Tursiops_truncatus","Conf4","cathemeral/crepuscular"
"Tursiops truncatus","Odontoceti","5,5,5,5,5,4,4,4,3,3,4,3,2,2","Tursiops_truncatus","Conf5","diurnal"
"Tursiops truncatus","Odontoceti","5,5,5,5,5,4,4,4,3,3,4,3,2,2","Tursiops_truncatus","Conf5","diurnal"
"Tursiops truncatus","Odontoceti","5,5,5,5,5,4,4,4,3,3,4,3,2,2","Tursiops_truncatus","Conf5","diurnal"
"Tursiops truncatus","Odontoceti","5,5,5,5,5,4,4,4,3,3,4,3,2,2","Tursiops_truncatus","Conf5","cathemeral"
"Ziphius cavirostris","Odontoceti","4,4,4,4,3,3,3,3","Ziphius_cavirostris","Conf3","cathemeral"
"Ziphius cavirostris","Odontoceti","4,4,4,4,3,3,3,3","Ziphius_cavirostris","Conf3","cathemeral"
"Ziphius cavirostris","Odontoceti","4,4,4,4,3,3,3,3","Ziphius_cavirostris","Conf3","cathemeral"
"Ziphius cavirostris","Odontoceti","4,4,4,4,3,3,3,3","Ziphius_cavirostris","Conf3","cathemeral"
"Ziphius cavirostris","Odontoceti","4,4,4,4,3,3,3,3","Ziphius_cavirostris","Conf4","cathemeral"
"Ziphius cavirostris","Odontoceti","4,4,4,4,3,3,3,3","Ziphius_cavirostris","Conf4","cathemeral"
"Ziphius cavirostris","Odontoceti","4,4,4,4,3,3,3,3","Ziphius_cavirostris","Conf4","cathemeral"
