"Species_name","Parvorder","Conf1.1","Conf1.2","Conf1.3","Conf1.4","Conf1.5","Conf2.1","Conf2.2","Conf2.3","Conf2.4","Conf2.5","Conf2N.1","Conf2N.2","Conf3.1","Conf3.2","Conf3.3","Conf3.4","Conf3.5","Conf3.6","Conf3.7","Conf3.8","Conf3ByS.1","Conf3ByS.2","Conf4.1","Conf4.2","Conf4.3","Conf4.4","Conf4.5","Conf4.6","Conf4.7","Conf4.8","Conf5.1","Conf5.2","Conf5.3","Conf5.4","Confidence","tips"
"Balaena mysticetus","Mysticeti","",NA,NA,NA,NA,"unclear/nocturnal"," unclear/nocturnal",NA,NA,NA,"",NA,"nocturnal/crepuscular",NA,NA,NA,NA,NA,NA,NA,"",NA,"cathemeral"," cathemeral",NA,NA,NA,NA,NA,NA,"",NA,NA,NA,"3,4,4,4,2","Balaena_mysticetus"
"Balaenoptera acutorostrata","Mysticeti","",NA,NA,NA,NA,"unclear"," diurnal/crepuscular",NA,NA,NA,"",NA,"nocturnal"," cathemeral",NA,NA,NA,NA,NA,NA,"diurnal",NA,"diurnal"," diurnal"," nocturnal",NA,NA,NA,NA,NA,"",NA,NA,NA,"3,3,4,3,4,4,2,2","Balaenoptera_acutorostrata"
"Balaenoptera bonaerensis","Mysticeti","",NA,NA,NA,NA,"",NA,NA,NA,NA,"",NA,"cathemeral"," cathemeral"," cathemeral"," nocturnal/cathemeral"," ",NA,NA,NA,"nocturnal",NA,"cathemeral",NA,NA,NA,NA,NA,NA,NA,"",NA,NA,NA,"3,3,3,3,3, 4","Balaenoptera_bonaerensis"
"Balaenoptera borealis","Mysticeti","",NA,NA,NA,NA,"unclear/diurnal",NA,NA,NA,NA,"",NA,"diurnal"," nocturnal",NA,NA,NA,NA,NA,NA,"",NA,"cathemeral",NA,NA,NA,NA,NA,NA,NA,"",NA,NA,NA,"4,3,3,2","Balaenoptera_borealis"
"Balaenoptera brydei","Mysticeti","",NA,NA,NA,NA,"",NA,NA,NA,NA,"",NA,"nocturnal"," nocturnal",NA,NA,NA,NA,NA,NA,"",NA,"nocturnal",NA,NA,NA,NA,NA,NA,NA,"",NA,NA,NA,"4,3,3","Balaenoptera_brydei"
"Balaenoptera edeni","Mysticeti","",NA,NA,NA,NA,"unclear/crepuscular",NA,NA,NA,NA,"",NA,"cathemeral",NA,NA,NA,NA,NA,NA,NA,"",NA,"diurnal",NA,NA,NA,NA,NA,NA,NA,"",NA,NA,NA,"4,3,2","Balaenoptera_edeni"
"Balaenoptera musculus","Mysticeti","",NA,NA,NA,NA,"",NA,NA,NA,NA,"",NA,"diurnal"," nocturnal/crepuscular"," nocturnal/crepuscular"," nocturnal/crepuscular"," cathemeral"," ",NA,NA,"nocturnal/crepuscular",NA,"cathemeral"," nocturnal"," cathemeral"," cathemeral",NA,NA,NA,NA,"",NA,NA,NA,"3,4,4,3,3,4,3,3,3","Balaenoptera_musculus"
"Balaenoptera omurai","Mysticeti","",NA,NA,NA,NA,"",NA,NA,NA,NA,"",NA,"diurnal"," cathemeral",NA,NA,NA,NA,NA,NA,"",NA,"",NA,NA,NA,NA,NA,NA,NA,"",NA,NA,NA,"3,3","Balaenoptera_omurai"
"Balaenoptera physalus","Mysticeti","",NA,NA,NA,NA,"unclear/cathemeral",NA,NA,NA,NA,"",NA,"cathemeral"," cathemeral"," cathemeral"," nocturnal/crepuscular"," cathemeral",NA,NA,NA,"nocturnal",NA,"cathemeral"," cathemeral"," cathemeral"," cathemeral",NA,NA,NA,NA,"",NA,NA,NA,"3,4,4,3,3,2,3,3,3,4,4","Balaenoptera_physalus"
"Balaenoptera ricei","Mysticeti","",NA,NA,NA,NA,"",NA,NA,NA,NA,"",NA,"nocturnal",NA,NA,NA,NA,NA,NA,NA,"",NA,"diurnal"," diurnal",NA,NA,NA,NA,NA,NA,"",NA,NA,NA,"4,4,3","Balaenoptera_ricei"
"Berardius arnuxii","Odontoceti","diurnal"," unclear"," diurnal"," unclear"," cathemeral","",NA,NA,NA,NA,"",NA,"",NA,NA,NA,NA,NA,NA,NA,"",NA,"",NA,NA,NA,NA,NA,NA,NA,"",NA,NA,NA,"1,1,1,1,1","Berardius_arnuxii"
"Berardius bairdii","Odontoceti","",NA,NA,NA,NA,"",NA,NA,NA,NA,"",NA,"cathemeral",NA,NA,NA,NA,NA,NA,NA,"diurnal/cathemeral",NA,"cathemeral"," cathemeral",NA,NA,NA,NA,NA,NA,"",NA,NA,NA,"3,4,4,3","Berardius_bairdii"
"Caperea marginata","Mysticeti","nocturnal"," diurnal"," unclear",NA,NA,"",NA,NA,NA,NA,"",NA,"cathemeral",NA,NA,NA,NA,NA,NA,NA,"",NA,"",NA,NA,NA,NA,NA,NA,NA,"",NA,NA,NA,"1,1,1,3","Caperea_marginata"
"Cephalorhynchus commersonii","Odontoceti","",NA,NA,NA,NA,"unclear"," cathemeral"," unclear"," unclear",NA,"",NA,"",NA,NA,NA,NA,NA,NA,NA,"cathemeral",NA,"",NA,NA,NA,NA,NA,NA,NA,"diurnal",NA,NA,NA,"5,2,2,3,2,2","Cephalorhynchus_commersonii"
"Cephalorhynchus eutropia","Odontoceti","",NA,NA,NA,NA,"unclear"," unclear"," unclear/nocturnal",NA,NA,"",NA,"cathemeral",NA,NA,NA,NA,NA,NA,NA,"",NA,"",NA,NA,NA,NA,NA,NA,NA,"",NA,NA,NA,"2,2,2,3","Cephalorhynchus_eutropia"
"Cephalorhynchus heavisidii","Odontoceti","",NA,NA,NA,NA,"nocturnal"," nocturnal"," nocturnal",NA,NA,"",NA,"nocturnal/crepuscular",NA,NA,NA,NA,NA,NA,NA,"nocturnal/crepuscular",NA,"nocturnal"," nocturnal/crepuscular",NA,NA,NA,NA,NA,NA,"",NA,NA,NA,"2,4,3,4,2,2","Cephalorhynchus_heavisidii"
"Cephalorhynchus hectori","Odontoceti","",NA,NA,NA,NA,"unclear"," unclear",NA,NA,NA,"",NA,"diurnal"," cathemeral"," diurnal"," cathemeral",NA,NA,NA,NA,"",NA,"cathemeral",NA,NA,NA,NA,NA,NA,NA,"",NA,NA,NA,"4,2,3,3,3,3,2","Cephalorhynchus_hectori"
"Delphinapterus leucas","Odontoceti","diurnal",NA,NA,NA,NA,"",NA,NA,NA,NA,"",NA,"diurnal",NA,NA,NA,NA,NA,NA,NA,"",NA,"diurnal"," cathemeral"," nocturnal"," diurnal",NA,NA,NA,NA,"diurnal"," cathemeral",NA,NA,"3,5,1,4,4,4,5,4","Delphinapterus_leucas"
"Delphinus delphis","Odontoceti","nocturnal",NA,NA,NA,NA,"unclear"," unclear",NA,NA,NA,"",NA,"nocturnal"," nocturnal"," nocturnal",NA,NA,NA,NA,NA,"",NA,"nocturnal",NA,NA,NA,NA,NA,NA,NA,"",NA,NA,NA,"3,2,3,2,3,1,4","Delphinus_delphis"
"Eschrichtius robustus","Mysticeti","",NA,NA,NA,NA,"diurnal",NA,NA,NA,NA,"",NA,"nocturnal/crepuscular"," cathemeral/crepuscular"," cathemeral",NA,NA,NA,NA,NA,"",NA,"diurnal",NA,NA,NA,NA,NA,NA,NA,"cathemeral"," diurnal",NA,NA,"3,3,2,3,5,5,4","Eschrichtius_robustus"
"Eubalaena australis","Mysticeti","",NA,NA,NA,NA,"unclear/crepuscular"," unclear"," diurnal"," unclear",NA,"",NA,"cathemeral"," nocturnal/crepuscular"," nocturnal/crepuscular",NA,NA,NA,NA,NA,"",NA,"",NA,NA,NA,NA,NA,NA,NA,"",NA,NA,NA,"2,3,3, 2, 2, 3, 2","Eubalaena_australis"
"Eubalaena glacialis","Mysticeti","nocturnal/crepuscular",NA,NA,NA,NA,"",NA,NA,NA,NA,"",NA,"diurnal/cathemeral"," nocturnal/crepuscular"," nocturnal/crepuscular"," cathemeral/crepuscular"," nocturnal"," cathemeral/crepuscular"," nocturnal",NA,"",NA,"cathemeral"," cathemeral/crepuscular",NA,NA,NA,NA,NA,NA,"",NA,NA,NA,"4,3,3,1,4,3,3,3,3,3","Eubalaena_glacialis"
"Eubalaena japonica","Mysticeti","",NA,NA,NA,NA,"diurnal",NA,NA,NA,NA,"",NA,"nocturnal"," nocturnal"," nocturnal/crepuscular",NA,NA,NA,NA,NA,"",NA,"",NA,NA,NA,NA,NA,NA,NA,"",NA,NA,NA,"3,2, 2, 3","Eubalaena_japonica"
"Feresa attenuata","Odontoceti","nocturnal",NA,NA,NA,NA,"nocturnal",NA,NA,NA,NA,"",NA,"",NA,NA,NA,NA,NA,NA,NA,"",NA,"nocturnal",NA,NA,NA,NA,NA,NA,NA,"",NA,NA,NA,"4,1,2","Feresa_attenuata"
"Globicephala macrorhynchus","Odontoceti","",NA,NA,NA,NA,"",NA,NA,NA,NA,"",NA,"nocturnal/crepuscular"," nocturnal",NA,NA,NA,NA,NA,NA,"",NA,"nocturnal"," nocturnal"," nocturnal"," nocturnal"," nocturnal",NA,NA,NA,"",NA,NA,NA,"4,4,3,4,4,3,4","Globicephala_macrorhynchus"
"Globicephala melas","Odontoceti","",NA,NA,NA,NA,"unclear/crepuscular",NA,NA,NA,NA,"",NA,"nocturnal",NA,NA,NA,NA,NA,NA,NA,"",NA,"nocturnal"," nocturnal",NA,NA,NA,NA,NA,NA,"",NA,NA,NA,"4,4,3,2","Globicephala_melas"
"Grampus griseus","Odontoceti","",NA,NA,NA,NA,"unclear"," nocturnal"," nocturnal",NA,NA,"",NA,"nocturnal/crepuscular"," nocturnal"," nocturnal/crepuscular"," nocturnal",NA,NA,NA,NA,"",NA,"nocturnal/crepuscular"," nocturnal",NA,NA,NA,NA,NA,NA,"",NA,NA,NA,"3,2,4 2,2,3,3,3,4","Grampus_griseus"
"Hyperoodon ampullatus","Odontoceti","",NA,NA,NA,NA,"",NA,NA,NA,NA,"",NA,"nocturnal"," cathemeral",NA,NA,NA,NA,NA,NA,"",NA,"cathemeral"," cathemeral",NA,NA,NA,NA,NA,NA,"",NA,NA,NA,"3,3,4,4","Hyperoodon_ampullatus"
"Hyperoodon planifrons","Odontoceti","",NA,NA,NA,NA,"",NA,NA,NA,NA,"",NA,"diurnal"," diurnal/crepuscular",NA,NA,NA,NA,NA,NA,"",NA,"",NA,NA,NA,NA,NA,NA,NA,"",NA,NA,NA,"3,3","Hyperoodon_planifrons"
"Indopacetus pacificus","Odontoceti","",NA,NA,NA,NA,"",NA,NA,NA,NA,"",NA,"nocturnal/crepuscular"," nocturnal",NA,NA,NA,NA,NA,NA,"",NA,"",NA,NA,NA,NA,NA,NA,NA,"",NA,NA,NA,"3,3","Indopacetus_pacificus"
"Inia boliviensis","Odontoceti","unclear/nocturnal",NA,NA,NA,NA,"",NA,NA,NA,NA,"",NA,"",NA,NA,NA,NA,NA,NA,NA,"",NA,"",NA,NA,NA,NA,NA,NA,NA,"",NA,NA,NA,"1","Inia_boliviensis"
"Inia geoffrensis","Odontoceti","",NA,NA,NA,NA,"unclear/nocturnal",NA,NA,NA,NA,"",NA,"diurnal"," nocturnal/cathemeral"," cathemeral"," ",NA,NA,NA,NA,"",NA,"",NA,NA,NA,NA,NA,NA,NA,"cathemeral",NA,NA,NA,"3,3,3,5,2","Inia_geoffrensis"
"Inia humboldtiana","Odontoceti","unclear/nocturnal",NA,NA,NA,NA,"",NA,NA,NA,NA,"",NA,"",NA,NA,NA,NA,NA,NA,NA,"",NA,"",NA,NA,NA,NA,NA,NA,NA,"",NA,NA,NA,"1","Inia_humboldtiana"
"Kogia breviceps","Odontoceti","unclear"," nocturnal",NA,NA,NA,"",NA,NA,NA,NA,"",NA,"cathemeral"," nocturnal/crepuscular"," cathemeral",NA,NA,NA,NA,NA,"",NA,"nocturnal/crepuscular",NA,NA,NA,NA,NA,NA,NA,"",NA,NA,NA,"3,1,1,4,3,3","Kogia_breviceps"
"Kogia sima","Odontoceti","unclear/nocturnal",NA,NA,NA,NA,"nocturnal",NA,NA,NA,NA,"",NA,"cathemeral"," nocturnal/crepuscular"," cathemeral",NA,NA,NA,NA,NA,"",NA,"",NA,NA,NA,NA,NA,NA,NA,"",NA,NA,NA,"3,2,1,3,3","Kogia_sima"
"Lagenodelphis hosei","Odontoceti","unclear/nocturnal",NA,NA,NA,NA,"",NA,NA,NA,NA,"",NA,"",NA,NA,NA,NA,NA,NA,NA,"nocturnal",NA,"",NA,NA,NA,NA,NA,NA,NA,"",NA,NA,NA,"1,3","Lagenodelphis_hosei"
"Lagenorhynchus acutus","Odontoceti","",NA,NA,NA,NA,"diurnal",NA,NA,NA,NA,"",NA,"",NA,NA,NA,NA,NA,NA,NA,"nocturnal",NA,"",NA,NA,NA,NA,NA,NA,NA,"",NA,NA,NA,"2,3","Lagenorhynchus_acutus"
"Lagenorhynchus albirostris","Odontoceti","",NA,NA,NA,NA,"unclear",NA,NA,NA,NA,"",NA,"",NA,NA,NA,NA,NA,NA,NA,"",NA,"nocturnal/crepuscular",NA,NA,NA,NA,NA,NA,NA,"",NA,NA,NA,"2,4","Lagenorhynchus_albirostris"
"Lagenorhynchus australis","Odontoceti","nocturnal"," nocturnal",NA,NA,NA,"nocturnal"," unclear"," unclear"," nocturnal",NA,"",NA,"nocturnal",NA,NA,NA,NA,NA,NA,NA,"",NA,"",NA,NA,NA,NA,NA,NA,NA,"",NA,NA,NA,"2,2,2,1,1,3","Lagenorhynchus_australis"
"Lagenorhynchus cruciger","Odontoceti","nocturnal"," nocturnal"," diurnal",NA,NA,"",NA,NA,NA,NA,"",NA,"",NA,NA,NA,NA,NA,NA,NA,"",NA,"",NA,NA,NA,NA,NA,NA,NA,"",NA,NA,NA,"1,0.5,1,1","Lagenorhynchus_cruciger"
"Lagenorhynchus obliquidens","Odontoceti","",NA,NA,NA,NA,"",NA,NA,NA,NA,"",NA,"nocturnal/crepuscular"," cathemeral"," nocturnal",NA,NA,NA,NA,NA,"cathemeral/crepuscular",NA,"",NA,NA,NA,NA,NA,NA,NA,"diurnal",NA,NA,NA,"3,5,3,3,3","Lagenorhynchus_obliquidens"
"Lagenorhynchus obscurus","Odontoceti","nocturnal",NA,NA,NA,NA,"unclear/cathemeral"," unclear/diurnal/crepuscular"," unclear"," unclear",NA,"",NA,"nocturnal",NA,NA,NA,NA,NA,NA,NA,"nocturnal",NA,"cathemeral"," nocturnal/crepuscular"," nocturnal/crepuscular",NA,NA,NA,NA,NA,"",NA,NA,NA,"4,2,2,2,4,4,3,2,3,2","Lagenorhynchus_obscurus"
"Lipotes vexillifer","Odontoceti","nocturnal",NA,NA,NA,NA,"unclear/diurnal",NA,NA,NA,NA,"",NA,"",NA,NA,NA,NA,NA,NA,NA,"",NA,"",NA,NA,NA,NA,NA,NA,NA,"diurnal"," diurnal",NA,NA,"1,5,5,2","Lipotes_vexillifer"
"Lissodelphis borealis","Odontoceti","nocturnal",NA,NA,NA,NA,"",NA,NA,NA,NA,"",NA,"",NA,NA,NA,NA,NA,NA,NA,"",NA,"",NA,NA,NA,NA,NA,NA,NA,"",NA,NA,NA,"1","Lissodelphis_borealis"
"Lissodelphis peronii","Odontoceti","nocturnal",NA,NA,NA,NA,"",NA,NA,NA,NA,"",NA,"",NA,NA,NA,NA,NA,NA,NA,"",NA,"",NA,NA,NA,NA,NA,NA,NA,"",NA,NA,NA,"1","Lissodelphis_peronii"
"Megaptera novaeangliae","Mysticeti","",NA,NA,NA,NA,"",NA,NA,NA,NA,"",NA,"nocturnal",NA,NA,NA,NA,NA,NA,NA,"",NA,"cathemeral"," cathemeral"," cathemeral"," cathemeral"," nocturnal/cathemeral"," nocturnal"," cathemeral"," nocturnal","",NA,NA,NA,"4,4,4,3,4,4,4,4","Megaptera_novaeangliae"
"Mesoplodon bidens","Odontoceti","",NA,NA,NA,NA,"",NA,NA,NA,NA,"",NA,"cathemeral",NA,NA,NA,NA,NA,NA,NA,"",NA,"cathemeral",NA,NA,NA,NA,NA,NA,NA,"",NA,NA,NA,"3,4","Mesoplodon_bidens"
"Mesoplodon densirostris","Odontoceti","",NA,NA,NA,NA,"",NA,NA,NA,NA,"",NA,"cathemeral"," cathemeral"," cathemeral",NA,NA,NA,NA,NA,"",NA,"cathemeral"," cathemeral"," cathemeral",NA,NA,NA,NA,NA,"",NA,NA,NA,"4,4,3,4,3,3","Mesoplodon_densirostris"
"Mesoplodon eueu","Odontoceti","",NA,NA,NA,NA,"",NA,NA,NA,NA,"",NA,"",NA,NA,NA,NA,NA,NA,NA,"",NA,"",NA,NA,NA,NA,NA,NA,NA,"",NA,NA,NA,"0.5","Mesoplodon_eueu"
"Mesoplodon europaeus","Odontoceti","",NA,NA,NA,NA,"",NA,NA,NA,NA,"",NA,"cathemeral"," cathemeral",NA,NA,NA,NA,NA,NA,"",NA,"",NA,NA,NA,NA,NA,NA,NA,"",NA,NA,NA,"3,3","Mesoplodon_europaeus"
"Mesoplodon ginkgodens","Odontoceti","",NA,NA,NA,NA,"",NA,NA,NA,NA,"",NA,"nocturnal"," nocturnal",NA,NA,NA,NA,NA,NA,"",NA,"",NA,NA,NA,NA,NA,NA,NA,"",NA,NA,NA,"3, 3","Mesoplodon_ginkgodens"
"Mesoplodon grayi","Odontoceti","",NA,NA,NA,NA,"",NA,NA,NA,NA,"",NA,"",NA,NA,NA,NA,NA,NA,NA,"",NA,"",NA,NA,NA,NA,NA,NA,NA,"",NA,NA,NA,"0.5","Mesoplodon_grayi"
"Mesoplodon hotaula","Odontoceti","",NA,NA,NA,NA,"",NA,NA,NA,NA,"",NA,"diurnal",NA,NA,NA,NA,NA,NA,NA,"",NA,"",NA,NA,NA,NA,NA,NA,NA,"",NA,NA,NA,"3","Mesoplodon_hotaula"
"Mesoplodon layardii","Odontoceti","",NA,NA,NA,NA,"",NA,NA,NA,NA,"",NA,"",NA,NA,NA,NA,NA,NA,NA,"",NA,"",NA,NA,NA,NA,NA,NA,NA,"",NA,NA,NA,"0.5","Mesoplodon_layardii"
"Mesoplodon mirus","Odontoceti","",NA,NA,NA,NA,"",NA,NA,NA,NA,"",NA,"diurnal/crepuscular",NA,NA,NA,NA,NA,NA,NA,"",NA,"",NA,NA,NA,NA,NA,NA,NA,"",NA,NA,NA,"3","Mesoplodon_mirus"
"Mesoplodon peruvianus","Odontoceti","",NA,NA,NA,NA,"",NA,NA,NA,NA,"",NA,"",NA,NA,NA,NA,NA,NA,NA,"",NA,"",NA,NA,NA,NA,NA,NA,NA,"",NA,NA,NA,"0.5","Mesoplodon_peruvianus"
"Mesoplodon stejnegeri","Odontoceti","",NA,NA,NA,NA,"",NA,NA,NA,NA,"",NA,"cathemeral"," cathemeral",NA,NA,NA,NA,NA,NA,"",NA,"",NA,NA,NA,NA,NA,NA,NA,"",NA,NA,NA,"3,3","Mesoplodon_stejnegeri"
"Monodon monoceros","Odontoceti","",NA,NA,NA,NA,"",NA,NA,NA,NA,"",NA,"diurnal/crepuscular","",NA,NA,NA,NA,NA,NA,"",NA,"cathemeral"," cathemeral"," cathemeral"," nocturnal/crepuscular"," cathemeral",NA,NA,NA,"",NA,NA,NA,"4,4,4,4,3,4,4","Monodon_monoceros"
"Neophocaena asiaeorientalis","Odontoceti","",NA,NA,NA,NA,"unclear",NA,NA,NA,NA,"",NA,"nocturnal/crepuscular"," nocturnal/crepuscular"," nocturnal",NA,NA,NA,NA,NA,"",NA,"",NA,NA,NA,NA,NA,NA,NA,"diurnal/cathemeral",NA,NA,NA,"3,3,5,2,3,4","Neophocaena_asiaeorientalis"
"Neophocaena phocaenoides","Odontoceti","",NA,NA,NA,NA,"",NA,NA,NA,NA,"",NA,"nocturnal/crepuscular"," nocturnal",NA,NA,NA,NA,NA,NA,"nocturnal/cathemeral",NA,"",NA,NA,NA,NA,NA,NA,NA,"",NA,NA,NA,"3,3,3","Neophocaena_phocaenoides"
"Neophocaena sunameri","Odontoceti","",NA,NA,NA,NA,"",NA,NA,NA,NA,"",NA,"diurnal/cathemeral"," diurnal",NA,NA,NA,NA,NA,NA,"diurnal",NA,"",NA,NA,NA,NA,NA,NA,NA,"",NA,NA,NA,"3,3,3","Neophocaena_sunameri"
"Orcaella brevirostris","Odontoceti","",NA,NA,NA,NA,"unclear/crepuscular"," unclear/crepuscular"," unclear/crepuscular",NA,NA,"",NA,"cathemeral"," cathemeral"," nocturnal",NA,NA,NA,NA,NA,"",NA,"",NA,NA,NA,NA,NA,NA,NA,"",NA,NA,NA,"2,2,3,3,2,3","Orcaella_brevirostris"
"Orcaella heinsohni","Odontoceti","nocturnal",NA,NA,NA,NA,"unclear"," unclear"," unclear"," unclear",NA,"",NA,"",NA,NA,NA,NA,NA,NA,NA,"",NA,"",NA,NA,NA,NA,NA,NA,NA,"",NA,NA,NA,"2,2,1,2,2","Orcaella_heinsohni"
"Orcinus orca","Odontoceti","diurnal"," diurnal",NA,NA,NA,"",NA,NA,NA,NA,"",NA,"diurnal/cathemeral",NA,NA,NA,NA,NA,NA,NA,"",NA,"diurnal"," diurnal/cathemeral"," diurnal"," diurnal"," diurnal",NA,NA,NA,"diurnal",NA,NA,NA,"4,3,1,4,4,1,4,5,4","Orcinus_orca"
"Peponocephala electra","Odontoceti","diurnal",NA,NA,NA,NA,"nocturnal",NA,NA,NA,NA,"",NA,"nocturnal",NA,NA,NA,NA,NA,NA,NA,"",NA,"nocturnal",NA,NA,NA,NA,NA,NA,NA,"diurnal/cathemeral",NA,NA,NA,"2,3,4,5,1","Peponocephala_electra"
"Phocoena phocoena","Odontoceti","",NA,NA,NA,NA,"",NA,NA,NA,NA,"",NA,"nocturnal/crepuscular"," nocturnal"," cathemeral"," cathemeral"," nocturnal"," nocturnal"," nocturnal/crepuscular"," cathemeral","",NA,"diurnal/cathemeral"," nocturnal/crepuscular"," nocturnal",NA,NA,NA,NA,NA,"",NA,NA,NA,"3,3,4,3,3,4,3,3,4,3,3","Phocoena_phocoena"
"Phocoena sinus","Odontoceti","",NA,NA,NA,NA,"",NA,NA,NA,NA,"",NA,"cathemeral/crepuscular",NA,NA,NA,NA,NA,NA,NA,"",NA,"",NA,NA,NA,NA,NA,NA,NA,"",NA,NA,NA,"3","Phocoena_sinus"
"Phocoena spinipinnis","Odontoceti","cathemeral",NA,NA,NA,NA,"unclear/diurnal"," diurnal",NA,NA,NA,"unclear/nocturnal"," unclear","",NA,NA,NA,NA,NA,NA,NA,"",NA,"",NA,NA,NA,NA,NA,NA,NA,"",NA,NA,NA,"2,2,1,2,2,0.5","Phocoena_spinipinnis"
"Phocoenoides dalli","Odontoceti","",NA,NA,NA,NA,"unclear/crepuscular",NA,NA,NA,NA,"",NA,"",NA,NA,NA,NA,NA,NA,NA,"cathemeral/crepuscular"," diurnal/crepuscular","",NA,NA,NA,NA,NA,NA,NA,"",NA,NA,NA,"2,3,3","Phocoenoides_dalli"
"Physeter macrocephalus","Odontoceti","",NA,NA,NA,NA,"",NA,NA,NA,NA,"",NA,"nocturnal/crepuscular"," nocturnal"," cathemeral"," diurnal"," nocturnal"," cathemeral"," nocturnal/crepuscular"," cathemeral","",NA,"diurnal/cathemeral"," cathemeral"," nocturnal"," cathemeral"," diurnal",NA,NA,NA,"",NA,NA,NA,"3,4,3,4,4,3,3,3,3,3,4,3,4","Physeter_macrocephalus"
"Platanista gangetica","Odontoceti","",NA,NA,NA,NA,"unclear/crepuscular",NA,NA,NA,NA,"",NA,"cathemeral/crepuscular"," nocturnal"," nocturnal/crepuscular",NA,NA,NA,NA,NA,"",NA,"",NA,NA,NA,NA,NA,NA,NA,"",NA,NA,NA,"3,3,2,3","Platanista_gangetica"
"Platanista minor","Odontoceti","nocturnal",NA,NA,NA,NA,"",NA,NA,NA,NA,"",NA,"nocturnal/crepuscular",NA,NA,NA,NA,NA,NA,NA,"",NA,"",NA,NA,NA,NA,NA,NA,NA,"",NA,NA,NA,"3,1","Platanista_minor"
"Pontoporia blainvillei","Odontoceti","nocturnal",NA,NA,NA,NA,"",NA,NA,NA,NA,"",NA,"nocturnal"," cathemeral"," nocturnal/crepuscular"," nocturnal/cathemeral",NA,NA,NA,NA,"",NA,"",NA,NA,NA,NA,NA,NA,NA,"",NA,NA,NA,"3,3,1,3,3","Pontoporia_blainvillei"
"Pseudorca crassidens","Odontoceti","",NA,NA,NA,NA,"",NA,NA,NA,NA,"",NA,"",NA,NA,NA,NA,NA,NA,NA,"",NA,"diurnal"," diurnal"," diurnal",NA,NA,NA,NA,NA,"diurnal",NA,NA,NA,"5,4, 4, 4","Pseudorca_crassidens"
"Sotalia fluviatilis","Odontoceti","",NA,NA,NA,NA,"unclear/crepuscular"," unclear"," crepuscular",NA,NA,"",NA,"diurnal"," cathemeral",NA,NA,NA,NA,NA,NA,"",NA,"",NA,NA,NA,NA,NA,NA,NA,"",NA,NA,NA,"3,2,2,3","Sotalia_fluviatilis"
"Sotalia guianensis","Odontoceti","",NA,NA,NA,NA,"unclear/crepuscular"," unclear/crepuscular"," unclear",NA,NA,"unclear/nocturnal",NA,"cathemeral",NA,NA,NA,NA,NA,NA,NA,"",NA,"",NA,NA,NA,NA,NA,NA,NA,"",NA,NA,NA,"3,2,2,2,2","Sotalia_guianensis"
"Sousa chinensis","Odontoceti","",NA,NA,NA,NA,"unclear",NA,NA,NA,NA,"",NA,"nocturnal"," nocturnal"," nocturnal/crepuscular"," cathemeral"," nocturnal"," nocturnal",NA,NA,"",NA,"",NA,NA,NA,NA,NA,NA,NA,"",NA,NA,NA,"3,3,3,3,2,3","Sousa_chinensis"
"Sousa plumbea","Odontoceti","",NA,NA,NA,NA,"unclear/crepuscular",NA,NA,NA,NA,"",NA,"nocturnal"," nocturnal/crepuscular",NA,NA,NA,NA,NA,NA,"",NA,"",NA,NA,NA,NA,NA,NA,NA,"",NA,NA,NA,"3,3,2","Sousa_plumbea"
"Sousa sahulensis","Odontoceti","",NA,NA,NA,NA,"",NA,NA,NA,NA,"",NA,"",NA,NA,NA,NA,NA,NA,NA,"",NA,"",NA,NA,NA,NA,NA,NA,NA,"",NA,NA,NA,"0.5","Sousa_sahulensis"
"Sousa teuszii","Odontoceti","",NA,NA,NA,NA,"unclear"," unclear",NA,NA,NA,"",NA,"nocturnal",NA,NA,NA,NA,NA,NA,NA,"",NA,"",NA,NA,NA,NA,NA,NA,NA,"",NA,NA,NA,"2,3,2","Sousa_teuszii"
"Stenella attenuata","Odontoceti","diurnal",NA,NA,NA,NA,"unclear",NA,NA,NA,NA,"",NA,"nocturnal",NA,NA,NA,NA,NA,NA,NA,"",NA,"nocturnal"," nocturnal"," nocturnal/crepuscular"," nocturnal",NA,NA,NA,NA,"",NA,NA,NA,"2,4,4,4,3,1,4","Stenella_attenuata"
"Stenella clymene","Odontoceti","nocturnal"," diurnal"," diurnal"," nocturnal"," nocturnal","unclear"," unclear",NA,NA,NA,"",NA,"",NA,NA,NA,NA,NA,NA,NA,"",NA,"",NA,NA,NA,NA,NA,NA,NA,"",NA,NA,NA,"1,1,2,1,2,1,1","Stenella_clymene"
"Stenella coeruleoalba","Odontoceti","nocturnal",NA,NA,NA,NA,"unclear",NA,NA,NA,NA,"",NA,"nocturnal"," nocturnal"," nocturnal",NA,NA,NA,NA,NA,"",NA,"",NA,NA,NA,NA,NA,NA,NA,"",NA,NA,NA,"2,3,3,3,1","Stenella_coeruleoalba"
"Stenella frontalis","Odontoceti","",NA,NA,NA,NA,"nocturnal"," diurnal",NA,NA,NA,"",NA,"nocturnal",NA,NA,NA,NA,NA,NA,NA,"",NA,"",NA,NA,NA,NA,NA,NA,NA,"",NA,NA,NA,"2,2,3","Stenella_frontalis"
"Stenella longirostris","Odontoceti","nocturnal",NA,NA,NA,NA,"unclear"," nocturnal/cathemeral"," nocturnal",NA,NA,"nocturnal",NA,"nocturnal/crepuscular"," nocturnal",NA,NA,NA,NA,NA,NA,"",NA,"nocturnal"," nocturnal",NA,NA,NA,NA,NA,NA,"",NA,NA,NA,"4,2,2,4,2,3,3,2,1","Stenella_longirostris"
"Steno bredanensis","Odontoceti","",NA,NA,NA,NA,"unclear/nocturnal"," unclear/nocturnal",NA,NA,NA,"",NA,"",NA,NA,NA,NA,NA,NA,NA,"",NA,"nocturnal/crepuscular"," nocturnal/crepuscular",NA,NA,NA,NA,NA,NA,"",NA,NA,NA,"4,2,2,4 ","Steno_bredanensis"
"Tasmacetus shepherdi","Odontoceti","",NA,NA,NA,NA,"",NA,NA,NA,NA,"",NA,"",NA,NA,NA,NA,NA,NA,NA,"",NA,"",NA,NA,NA,NA,NA,NA,NA,"",NA,NA,NA,"0,0,0.5","Tasmacetus_shepherdi"
"Tursiops aduncus","Odontoceti","diurnal"," diurnal",NA,NA,NA,"unclear/crepuscular"," unclear/crepuscular"," unclear/crepuscular"," unclear"," unclear/crepuscular","",NA,"nocturnal",NA,NA,NA,NA,NA,NA,NA,"nocturnal/crepuscular",NA,"nocturnal",NA,NA,NA,NA,NA,NA,NA,"diurnal",NA,NA,NA,"5,3,3,2,2,4,2,1,1,2","Tursiops_aduncus"
"Tursiops truncatus","Odontoceti","",NA,NA,NA,NA,"unclear/crepuscular"," unclear/nocturnal"," unclear/crepuscular"," ",NA,"",NA,"nocturnal/crepuscular"," diurnal"," cathemeral"," cathemeral"," cathemeral/crepuscular"," diurnal/crepuscular",NA,NA,"",NA,"cathemeral/crepuscular"," cathemeral/crepuscular"," cathemeral/crepuscular"," cathemeral/crepuscular",NA,NA,NA,NA,"diurnal"," diurnal"," diurnal"," cathemeral","5,5,5,5,5,4,4,4,3,3,4,3,2,2","Tursiops_truncatus"
"Ziphius cavirostris","Odontoceti","",NA,NA,NA,NA,"",NA,NA,NA,NA,"",NA,"cathemeral"," cathemeral"," cathemeral"," cathemeral",NA,NA,NA,NA,"",NA,"cathemeral"," cathemeral"," cathemeral",NA,NA,NA,NA,NA,"",NA,NA,NA,"4,4,4,4,3,3,3,3","Ziphius_cavirostris"
