"tips","Parvorder","Family","Diel_Pattern","max_crep","Confidence","Dive_duration","Body_length_m","Orbit_ratio","Diet","Brain_mass_g","Encephalization_quotient","Longevity_days","Sexual_maturity_days","Group_size","IUCN","Dive_depth_m","Mean_dive_depth_m","Body_mass_kg","Average_body_mass_kg","Habitat","Feeding_method","Divetype","Species_name","max_lat","mean_lat"
"Balaena_mysticetus","Mysticeti","Balaenidae","cathemeral","cathemeral",4,80,20,9.6752035829063,"zooplankton + fish",NA,NA,"36,500",5475,2,"least_concern",416,377.333333333333,1e+05,92500,"pelagic","Skim","mid","Balaena mysticetus",83.897561405,66.8190735410001
"Balaenoptera_acutorostrata","Mysticeti","Balaenopteridae","diurnal","diurnal",4,NA,NA,22.2157,"zooplankton + fish",NA,NA,"9490",3102.5,1.5,"least_concern",118,118,9000,7610,"pelagic","Lunge","shallow","Balaenoptera acutorostrata",84.084471933,4.11136516550004
"Balaenoptera_bonaerensis","Mysticeti","Balaenopteridae","cathemeral","cathemeral",4,NA,NA,NA,"zooplankton + fish",NA,NA,"14,600",2555,3.6,"near_threatened",105,105,11050,9725,"pelagic","Lunge","shallow","Balaenoptera bonaerensis",5.67140000000006,-39.8987499999999
"Balaenoptera_borealis","Mysticeti","Balaenopteridae","cathemeral","cathemeral",4,NA,NA,14.7317,"zooplankton + fish","4900",0.43,"20,622.50",3102.5,1.8,"endangered",57,57,45000,31758,"pelagic",NA,"shallow","Balaenoptera borealis",75.9723004990001,-0.832549512999954
"Balaenoptera_brydei","Mysticeti","Balaenopteridae","nocturnal","nocturnal",4,NA,NA,NA,NA,NA,NA,NA,NA,NA,NA,267,267,NA,NA,NA,NA,"mid",NA,NA,NA
"Balaenoptera_edeni","Mysticeti","Balaenopteridae","diurnal","diurnal",4,20,16.5,14.2988284,"zooplankton + fish",NA,NA,NA,4197.5,1.4,"least_concern",300,218.333333333333,40000,24766.6666666667,"pelagic","Lunge","mid","Balaenoptera edeni",47.5874148408454,1.19503766592281
"Balaenoptera_musculus","Mysticeti","Balaenopteridae","cathemeral","cathemeral",4,NA,NA,NA,"zooplankton + fish","3636",0.09,"24,637.50",3650,1,"endangered",506,506,190000,146106.75,"pelagic",NA,"deep","Balaenoptera musculus",79.2291700519982,-3.17679683278227
"Balaenoptera_omurai","Mysticeti","Balaenopteridae","cathemeral","cathemeral",3,NA,NA,NA,"zooplankton + fish",NA,NA,NA,NA,NA,NA,NA,NA,NA,NA,"pelagic","Filter",NA,"Balaenoptera omurai",36.3713488642587,-0.186997778074954
"Balaenoptera_physalus","Mysticeti","Balaenopteridae","cathemeral","cathemeral",4,30,24,12.27531,"zooplankton + fish","7111.43",0.23,"36,500",2920,2.8,"vulnerable",528,518.666666666667,90000,84754.3333333333,"pelagic","Lunge","deep","Balaenoptera physalus",80.3088693089991,0.173899899000162
"Balaenoptera_ricei","Mysticeti","Balaenopteridae","diurnal","diurnal",4,NA,NA,NA,"zooplankton + fish",NA,NA,NA,NA,NA,NA,270,270,NA,NA,"pelagic","Filter","mid","Balaenoptera ricei",30.1474895282192,28.4460377016287
"Berardius_arnuxii","Odontoceti","Ziphiidae","diurnal","diurnal",1,NA,NA,NA,"cephalopods + fish",NA,NA,"19,710",4562.5,4,"least_concern",NA,NA,9000,8600,"pelagic","Suction","verydeep_low_conf","Berardius arnuxii",-23.1313435610428,-51.0420967623292
"Berardius_bairdii","Odontoceti","Ziphiidae","cathemeral","cathemeral",4,67,11.1,15.16077,"cephalopods + fish",NA,NA,"19,710",4562.5,5.5,"least_concern",1566,1444,13000,8375.41666666667,"pelagic","Suction","verydeep","Berardius bairdii",66.3916625156496,44.1905023861798
"Berardius_minimus","Odontoceti","Ziphiidae",NA,NA,0,NA,NA,21.51527432023,"cephalopods + fish",NA,NA,NA,NA,NA,NA,NA,NA,NA,NA,"pelagic","Suction",NA,NA,NA,NA
"Caperea_marginata","Mysticeti","Neobalaenidae","cathemeral","cathemeral",3,NA,NA,22.650844,"zooplankton + fish",NA,NA,NA,NA,5,"least_concern",NA,NA,4500,4038,"pelagic","Skim",NA,"Caperea marginata",-18.798907415,-40.0125924055
"Cephalorhynchus_commersonii","Odontoceti","Delphinidae","cathemeral","cathemeral",5,NA,NA,30.72825,"cephalopods + fish",NA,NA,"6570",2190,3,"least_concern",100,100,86,73.6166666666667,"coastal","Raptorial","shallow","Cephalorhynchus commersonii",-42.090212655,-49.1016839624999
"Cephalorhynchus_eutropia","Odontoceti","Delphinidae","cathemeral","cathemeral",3,NA,NA,36.2246,"cephalopods + fish",NA,NA,NA,NA,5,"near_threatened",20,20,75,69,"coastal","Raptorial","shallow","Cephalorhynchus eutropia",-33.092932827,-44.545317046
"Cephalorhynchus_heavisidii","Odontoceti","Delphinidae","nocturnal/crepuscular","crepuscular",4,NA,NA,26.91649,"cephalopods + fish",NA,NA,NA,NA,3.2,"near_threatened",166,166,75,73.61,"coastal","Raptorial","shallow","Cephalorhynchus heavisidii",-14.7037258149999,-24.4878911974999
"Cephalorhynchus_hectori","Odontoceti","Delphinidae","cathemeral","cathemeral",4,NA,NA,30.68095,"cephalopods + fish",NA,NA,"7300",2737.5,5,"endangered",NA,NA,61.75,60.875,"coastal","Raptorial",NA,"Cephalorhynchus hectori",-35.6400833129999,-41.3590098024999
"Delphinapterus_leucas","Odontoceti","Monodontidae","diurnal","diurnal",5,25,5.5,23.81195,"cephalopods + fish","2083",2.06,"14,600",1825,6,"least_concern",1275,1137.5,1600,1359,"coastal/pelagic","Suction","verydeep","Delphinapterus leucas",83.1683669780001,63.8405690660001
"Delphinus_delphis","Odontoceti","Delphinidae","nocturnal","nocturnal",4,5,2.5,28.2617787657773,"cephalopods + fish","810.9",4.41,"9672.5",2956.5,55,"least_concern",258,238.666666666667,235,173.5,"coastal/pelagic","Raptorial","mid","Delphinus delphis",62.6856355928084,5.64552293433599
"Eschrichtius_robustus","Mysticeti","Eschrichtiidae","cathemeral","cathemeral",5,26,15,15.3181196260741,"benthic invertebrates + fish","4316.67",0.23,"29,200",2920,1,"least_concern",170,170,45000,42000,"coastal","Suction","shallow","Eschrichtius robustus",72.398035593,46.157758031
"Eubalaena_australis","Mysticeti","Balaenidae","nocturnal/crepuscular","crepuscular",3,50,17,8.03695715511241,"zooplankton + fish",NA,NA,NA,2555,4,"least_concern",184,184,80000,61393.5,"pelagic","Skim","mid","Eubalaena australis",-12.1810789109999,-40.4061827659999
"Eubalaena_glacialis","Mysticeti","Balaenidae","cathemeral/crepuscular","crepuscular",4,NA,NA,NA,"zooplankton + fish",NA,NA,"25,550",2920,1.5,"critically_endangered",175,175,95000,76525,NA,NA,"shallow","Eubalaena glacialis",71.5981782469286,47.1115137831347
"Eubalaena_japonica","Mysticeti","Balaenidae","nocturnal","nocturnal",3,NA,NA,NA,"zooplankton + fish",NA,NA,NA,NA,NA,"endangered",NA,NA,90700,90700,"pelagic","Skim",NA,"Eubalaena japonica",66.391662597,45.406834028
"Feresa_attenuata","Odontoceti","Delphinidae","nocturnal","nocturnal",4,NA,NA,27.8615166666667,"cephalopods + fish",NA,NA,NA,NA,15.2,"least_concern",364,344,225,189.5,"pelagic","Raptorial","mid","Feresa attenuata",44.3965737809998,3.91381092400024
"Globicephala_macrorhynchus","Odontoceti","Delphinidae","nocturnal","nocturnal",4,NA,NA,NA,"cephalopods + fish","-",NA,"22,630",3193.75,31.7,"least_concern",1168,1118.33333333333,3600,2246,"pelagic",NA,"verydeep","Globicephala macrorhynchus",58.1619033369958,9.99218100749817
"Globicephala_melas","Odontoceti","Delphinidae","nocturnal","nocturnal",4,20,6.7,23.7645666666667,"cephalopods + fish","3152.8",2.45,"21,535",2920,56,"least_concern",828,773.5,3800,2322.4,"pelagic","Suction","deep","Globicephala melas",72.9358419690001,3.11700555900023
"Grampus_griseus","Odontoceti","Delphinidae","nocturnal/crepuscular","crepuscular",4,NA,NA,23.7357666666667,"cephalopods + fish","2551",4.4,"12,592.50",3285,11.6,"least_concern",566,544,500,430.666666666667,"pelagic","Suction","deep","Grampus griseus",61.505149841,4.20671499250005
"Hyperoodon_ampullatus","Odontoceti","Ziphiidae","cathemeral","cathemeral",4,120,10,17.2414,"cephalopods + fish",NA,NA,"13,505",3650,2.75,"near_threatened",1453,1302,10000,7912.5,"pelagic","Suction","verydeep","Hyperoodon ampullatus",75.102571487,44.6274452205001
"Hyperoodon_planifrons","Odontoceti","Ziphiidae","diurnal/crepuscular","crepuscular",3,NA,NA,NA,"cephalopods + fish",NA,NA,NA,NA,3.9,"least_concern",NA,NA,8000,7061.75,"pelagic",NA,NA,"Hyperoodon planifrons",-19.5227050774855,-49.7373046871888
"Indopacetus_pacificus","Odontoceti","Ziphiidae","nocturnal/crepuscular","crepuscular",3,NA,NA,30.78672,"cephalopods + fish",NA,NA,NA,NA,NA,"least_concern",NA,NA,4000,4000,"pelagic","Suction",NA,"Indopacetus pacificus",37.0621062823665,3.57198227283118
"Inia_araguaiaensis","Odontoceti","Iniiae",NA,NA,0,NA,NA,NA,NA,NA,NA,NA,NA,NA,NA,NA,NA,NA,NA,NA,NA,NA,NA,NA,NA
"Inia_boliviensis","Odontoceti","Iniiae","nocturnal","nocturnal",1,NA,NA,NA,NA,NA,NA,NA,NA,NA,NA,NA,NA,NA,NA,NA,NA,NA,NA,NA,NA
"Inia_geoffrensis","Odontoceti","Iniiae","cathemeral","cathemeral",5,NA,NA,19.1042425,"fish","633.7",2.51,"7300",1825,1,"endangered",NA,NA,270,189.667833333333,"riverine","Raptorial","shallow_low_conf","Inia geoffrensis",9.63607641400006,-4.21277998249994
"Inia_humboldtiana","Odontoceti","Iniiae","nocturnal","nocturnal",1,NA,NA,NA,NA,NA,NA,NA,NA,NA,NA,NA,NA,NA,NA,NA,NA,NA,NA,NA,NA
"Kogia_breviceps","Odontoceti","Kogiidae","nocturnal/crepuscular","crepuscular",4,NA,NA,22.1043333333333,"cephalopods + fish","1019",1.6,"7300",1825,3,"least_concern",NA,NA,680,478,"pelagic","Suction","deep_low_conf","Kogia breviceps",57.2283809247347,4.49533864487508
"Kogia_sima","Odontoceti","Kogiidae","cathemeral","cathemeral",3,NA,NA,NA,"cephalopods + fish","622",1.08,NA,1825,1.6,"least_concern",NA,NA,291,282,"pelagic","Suction","deep_low_conf","Kogia sima",45.9753990219472,2.67492393369269
"Lagenodelphis_hosei","Odontoceti","Delphinidae","nocturnal","nocturnal",3,NA,2.7,26.2538798407867,"cephalopods + fish",NA,NA,"6387.5",2372.5,167,"least_concern",600,566.666666666667,210,204.125,"pelagic","Raptorial/Suction","deep","Lagenodelphis hosei",41.0432817970001,2.54929525800006
"Lagenorhynchus_acutus","Odontoceti","Delphinidae","nocturnal","nocturnal",3,NA,NA,24.9147666666667,"cephalopods + fish","1200",2.67,"9855",3285,40,"least_concern",191,160.666666666667,250,230,"coastal/pelagic","Raptorial","mid","Lagenorhynchus acutus",77.4055118558875,58.2338428495179
"Lagenorhynchus_albirostris","Odontoceti","Delphinidae","nocturnal/crepuscular","crepuscular",4,NA,NA,31.7281,"cephalopods + fish","1126",1.8,NA,NA,30,"least_concern",200,148.333333333333,350,341.666666666667,"coastal/pelagic","Raptorial","mid","Lagenorhynchus albirostris",79.9926395410001,60.2861948010001
"Lagenorhynchus_australis","Odontoceti","Delphinidae","nocturnal","nocturnal",3,NA,NA,26.7818333333333,"cephalopods + fish",NA,NA,NA,NA,3.5,"least_concern",20,20,115,115,"coastal","Raptorial","shallow","Lagenorhynchus australis",-32.834366841,-46.7793826229999
"Lagenorhynchus_cruciger","Odontoceti","Delphinidae","nocturnal","nocturnal",1,NA,NA,25.851,"cephalopods + fish",NA,NA,NA,NA,5.6,"least_concern",200,200,94,93.0333333333333,"pelagic","Raptorial","mid","Lagenorhynchus cruciger",-32.476634695,-50.488948585
"Lagenorhynchus_obliquidens","Odontoceti","Delphinidae","cathemeral/crepuscular","crepuscular",5,6,2.5,28.33984,"cephalopods + fish","1140",4.54,"16,790",2737.5,90,"least_concern",214,209.333333333333,200,171.7625,"coastal/pelagic","Raptorial","mid","Lagenorhynchus obliquidens",61.5051497760001,41.407894716
"Lagenorhynchus_obscurus","Odontoceti","Delphinidae","nocturnal/crepuscular","crepuscular",4,NA,NA,28.8073333333333,"cephalopods + fish",NA,NA,"12,957.50",2555,35.5,"least_concern",200,185.333333333333,88.4215,86.1405,"coastal","Raptorial","mid","Lagenorhynchus obscurus",-8.21798721673662,-31.7543190524323
"Lipotes_vexillifer","Odontoceti","Lipotidae","diurnal","diurnal",5,NA,NA,12.6522,"fish","510",2.19,"8760",2190,3.5,"critically_endangered",NA,NA,230,159.666666666667,"riverine","Raptorial","shallow_low_conf","Lipotes vexillifer",32.267268465,30.3184032755
"Lissodelphis_borealis","Odontoceti","Delphinidae","nocturnal","nocturnal",1,6,3.1,29.9918,"cephalopods + fish",NA,NA,NA,3540.5,NA,"least_concern",250,250,115,109,"pelagic","Raptorial","mid","Lissodelphis borealis",51.272307971,40.7288089020001
"Lissodelphis_peronii","Odontoceti","Delphinidae","nocturnal","nocturnal",1,NA,NA,NA,"cephalopods + fish",NA,NA,NA,NA,56.6,"least_concern",NA,NA,179.975,139.9875,"pelagic","Raptorial",NA,"Lissodelphis peronii",-9.69136516599997,-36.1502671185
"Megaptera_novaeangliae","Mysticeti","Balaenopteridae","cathemeral","cathemeral",4,NA,NA,NA,"zooplankton + fish","6439",0.4,"9125",1642.5,4.7,"least_concern",616,616,40000,35025,"pelagic",NA,"deep","Megaptera novaeangliae",80.4418925489992,1.64625795899966
"Mesoplodon_bidens","Odontoceti","Ziphiidae","cathemeral","cathemeral",4,NA,NA,34.414599481276,"cephalopods + fish",NA,NA,NA,NA,NA,"least_concern",1386,1386,1500,1400,"pelagic","Suction","verydeep","Mesoplodon bidens",71.6202297211784,49.0675582885647
"Mesoplodon_bowdoini","Odontoceti","Ziphiidae",NA,NA,0,NA,NA,NA,"cephalopods + fish",NA,NA,NA,NA,NA,NA,NA,NA,NA,NA,"pelagic","Suction",NA,NA,NA,NA
"Mesoplodon_carlhubbsi","Odontoceti","Ziphiidae",NA,NA,0,NA,NA,28.4698,"cephalopods + fish",NA,NA,NA,NA,NA,NA,NA,NA,NA,NA,"pelagic","Suction",NA,NA,NA,NA
"Mesoplodon_densirostris","Odontoceti","Ziphiidae","cathemeral","cathemeral",4,54,4.7,30,"cephalopods + fish","1424.5",0.91,"9855",3285,5,"least_concern",1500,1466.66666666667,1173,1078.66666666667,"pelagic","Suction","verydeep","Mesoplodon densirostris",64.8422355930985,11.6739355926416
"Mesoplodon_eueu","Odontoceti","Ziphiidae",NA,NA,1,NA,NA,NA,NA,NA,NA,NA,NA,NA,NA,NA,NA,NA,NA,NA,NA,NA,"Mesoplodon eueu",-23.5049494502788,-34.4018811445234
"Mesoplodon_europaeus","Odontoceti","Ziphiidae","cathemeral","cathemeral",3,NA,NA,29.5183333333333,"cephalopods + fish","2148.5",1.75,"17,520",3285,NA,"least_concern",872,872,1200,1016.75,"pelagic","Suction","deep","Mesoplodon europaeus",57.429620330895,17.3195208465344
"Mesoplodon_ginkgodens","Odontoceti","Ziphiidae","nocturnal","nocturnal",3,NA,NA,29.331469,"cephalopods + fish",NA,NA,NA,NA,NA,NA,NA,NA,NA,NA,"pelagic","Suction",NA,NA,NA,NA
"Mesoplodon_grayi","Odontoceti","Ziphiidae",NA,NA,1,NA,NA,31.3653147686135,"cephalopods + fish",NA,NA,NA,NA,4,"least_concern",NA,NA,5000,2325.68333333333,"pelagic","Suction","verydeep_low_conf","Mesoplodon grayi",-11.3862915038738,-40.1794433593155
"Mesoplodon_hectori","Odontoceti","Ziphiidae",NA,NA,0,NA,NA,NA,"cephalopods + fish",NA,NA,NA,NA,NA,NA,NA,NA,500,500,"pelagic","Suction","verydeep_low_conf",NA,NA,NA
"Mesoplodon_hotaula","Odontoceti","Ziphiidae","diurnal","diurnal",3,NA,NA,27.53762,"cephalopods + fish",NA,NA,NA,NA,NA,NA,NA,NA,NA,NA,"pelagic","Suction",NA,NA,NA,NA
"Mesoplodon_layardii","Odontoceti","Ziphiidae",NA,NA,1,NA,NA,23.968415,"cephalopods + fish",NA,NA,NA,NA,4.1,"least_concern",NA,NA,2700,2549.5,"pelagic","Suction",NA,"Mesoplodon layardii",-23.7363891611914,-43.4874877935634
"Mesoplodon_mirus","Odontoceti","Ziphiidae","diurnal/crepuscular","crepuscular",3,NA,NA,29.517723,"cephalopods + fish","2355",1.49,NA,NA,2,"least_concern",939,939,1400,1326.66666666667,"pelagic","Suction","deep","Mesoplodon mirus",53.0451628481616,40.1121092812967
"Mesoplodon_perrini","Odontoceti","Ziphiidae",NA,NA,0,NA,NA,29.4837726,"cephalopods + fish",NA,NA,NA,NA,NA,"endangered",NA,NA,1500,1500,"pelagic","Suction",NA,"Mesoplodon perrini",39.5148645455675,29.9642798114458
"Mesoplodon_peruvianus","Odontoceti","Ziphiidae",NA,NA,1,NA,NA,33.6134172742519,"cephalopods + fish",NA,NA,NA,NA,NA,"least_concern",NA,NA,800,800,"pelagic","Suction",NA,"Mesoplodon peruvianus",31.9146213517249,0.904568669516863
"Mesoplodon_stejnegeri","Odontoceti","Ziphiidae","cathemeral","cathemeral",3,NA,NA,31.0041710929118,"cephalopods + fish",NA,NA,NA,NA,10,"near_threatened",NA,NA,1500,1500,"pelagic","Suction",NA,"Mesoplodon stejnegeri",63.390835592,48.0302355925
"Mesoplodon_traversii","Odontoceti","Ziphiidae",NA,NA,0,NA,NA,NA,"cephalopods + fish",NA,NA,NA,NA,NA,NA,NA,NA,NA,NA,"pelagic","Suction",NA,NA,NA,NA
"Monodon_monoceros","Odontoceti","Monodontidae","cathemeral/crepuscular","crepuscular",4,25,4.8,20.8490333333333,"cephalopods + fish","2996.7",1.54,"-",4307,10,"least_concern",1400,1250,1800,1644.575,"coastal/pelagic","Suction","verydeep","Monodon monoceros",85.007173116,72.5822103825001
"Neophocaena_asiaeorientalis","Odontoceti","Phocoenidae","nocturnal/crepuscular","crepuscular",5,NA,NA,25.69165,"cephalopods + fish",NA,NA,NA,NA,NA,"endangered",20,20,80,80,"coastal",NA,"shallow","Neophocaena asiaeorientalis",40.9529457100001,31.8097727400001
"Neophocaena_phocaenoides","Odontoceti","Phocoenidae","nocturnal","nocturnal",3,NA,NA,NA,"cephalopods + fish","468",3.92,"9125",2372.5,3.5,"vulnerable",20,20,80,55.8,"coastal","Raptorial","shallow","Neophocaena phocaenoides",30.5183430020001,11.452248464
"Neophocaena_sunameri","Odontoceti","Phocoenidae","diurnal","diurnal",3,NA,NA,NA,NA,NA,NA,NA,NA,NA,NA,NA,NA,NA,NA,NA,NA,NA,NA,NA,NA
"Orcaella_brevirostris","Odontoceti","Delphinidae","cathemeral","cathemeral",3,NA,NA,NA,"benthic invertebrates + fish",NA,NA,"10,950",1825,3,"endangered",110,110,130,126.75,"coastal","Raptorial","shallow","Orcaella brevirostris",25.811723692,8.51555296750004
"Orcaella_heinsohni","Odontoceti","Delphinidae","nocturnal","nocturnal",2,NA,NA,26.43691,"benthic invertebrates + fish",NA,NA,NA,NA,NA,"vulnerable",30,30,133,133,"coastal",NA,"shallow","Orcaella heinsohni",-3.55262006299995,-13.122815652
"Orcinus_orca","Odontoceti","Delphinidae","diurnal","diurnal",5,15,9.8,20.0947,"tetrapods + fish","4779.5",0.55,"31,025",5110,12.3,NA,768,640.75,12616,9738.66666666667,"coastal/pelagic","Raptorial","deep","Orcinus orca",82.3946871689999,-1.59403823100005
"Peponocephala_electra","Odontoceti","Delphinidae","nocturnal","nocturnal",5,NA,NA,27.285,"cephalopods + fish",NA,NA,"16,607.50",4197.5,269,"least_concern",472,471.666666666667,275,257.666666666667,"pelagic","Raptorial/Suction","mid","Peponocephala electra",36.4103742,0.995381129500032
"Phocoena_dioptrica","Odontoceti","Phocoenidae",NA,NA,0,NA,NA,32.50124,"cephalopods + fish",NA,NA,"2920",730,2,"least_concern",NA,NA,115,110,"coastal/pelagic","Suction","mid_low_conf","Phocoena dioptrica",-25.6893534189999,-44.7099201944999
"Phocoena_phocoena","Odontoceti","Phocoenidae","nocturnal/crepuscular","crepuscular",4,12,1.89,32.456175,"cephalopods + fish","523",3.04,"6205",1014.7,5,"least_concern",226,226,75,67.19375,"coastal","Raptorial/Suction","mid","Phocoena phocoena",79.7664828174205,47.2787416477086
"Phocoena_sinus","Odontoceti","Phocoenidae","cathemeral/crepuscular","crepuscular",3,NA,1.5,23.1798,"cephalopods + fish",NA,NA,"7665",1642.5,2,"critically_endangered",30,30,50,42.7833333333333,"coastal","Raptorial","shallow","Phocoena sinus",31.7645263672981,30.9301147460987
"Phocoena_spinipinnis","Odontoceti","Phocoenidae","cathemeral","cathemeral",2,NA,NA,31.5064333333333,"cephalopods + fish",NA,NA,NA,NA,5,"near_threatened",NA,NA,105,95,"coastal","Raptorial/Suction","shallow_low_conf","Phocoena spinipinnis",-5.67120787699997,-30.847965256
"Phocoenoides_dalli","Odontoceti","Phocoenidae","cathemeral/crepuscular","crepuscular",3,NA,2.4,31.5802,"cephalopods + fish","876.4",3.65,"6022.5",1817.7,7,"least_concern",180,151.333333333333,220,176.44375,"coastal/pelagic","Raptorial/Suction","mid","Phocoenoides dalli",62.6856574000001,45.9648948385001
"Physeter_macrocephalus","Odontoceti","Physeteridae","cathemeral","cathemeral",4,138,18.3,10.43169,"cephalopods + fish","8183.1",0.45,"23,725",3285,25,"vulnerable",3200,2568,70000,52007.875,"pelagic","Suction","verydeep","Physeter macrocephalus",75.6724853507184,-3.67401123113336
"Platanista_gangetica","Odontoceti","Platanistidae","nocturnal/crepuscular","crepuscular",3,NA,NA,8.00285,"fish","290.5",1.57,"10,220",3650,1,"endangered",NA,NA,110,86.5266666666667,"riverine","Raptorial","shallow_low_conf","Platanista gangetica",30.2405902350513,25.1920467731901
"Platanista_minor","Odontoceti","Platanistidae","nocturnal/crepuscular","crepuscular",3,NA,NA,NA,NA,"164",2.07,NA,NA,1,NA,NA,NA,18.3,18.3,NA,"Raptorial",NA,"Platanista minor",32.6431760572293,28.9709996642032
"Pontoporia_blainvillei","Odontoceti","Pontoporiidae","cathemeral","cathemeral",3,NA,NA,24.4151333333333,"cephalopods + fish","221.2",1.76,"7665",985.5,1,"vulnerable",35,35,50,41.62,"coastal","Raptorial","shallow","Pontoporia blainvillei",-18.422426198,-30.245742581
"Pseudorca_crassidens","Odontoceti","Delphinidae","diurnal","diurnal",5,NA,6,24.84204,"tetrapods + fish","2534",2.39,"22,630",3604.5,20.2,"near_threatened",1424,1018.75,2200,1769.5,"coastal/pelagic","Raptorial","verydeep","Pseudorca crassidens",61.5051499089983,1.63718545900126
"Sotalia_fluviatilis","Odontoceti","Delphinidae","cathemeral","cathemeral",3,NA,NA,28.1158,"fish","688",4.58,"10,767.50",NA,4,"endangered",NA,NA,55,50.5333333333333,"riverine","Raptorial","shallow_low_conf","Sotalia fluviatilis",2.5446435208475,-4.22610647905069
"Sotalia_guianensis","Odontoceti","Delphinidae","cathemeral","cathemeral",3,NA,NA,27.9737,"fish",NA,NA,NA,NA,NA,"near_threatened",35,35,120,80,"coastal","Raptorial","shallow","Sotalia guianensis",17.5588151690001,-5.23343741849993
"Sousa_chinensis","Odontoceti","Delphinidae","nocturnal","nocturnal",3,NA,NA,NA,"fish",NA,NA,"16,790",3650,13,"vulnerable",30,30,280,258.333333333333,"coastal","Raptorial","shallow","Sousa chinensis",26.8773988410001,8.99809335150005
"Sousa_plumbea","Odontoceti","Delphinidae","nocturnal/crepuscular","crepuscular",3,NA,NA,28.42925,"fish",NA,NA,NA,NA,NA,"endangered",30,30,280,280,"coastal","Raptorial","shallow","Sousa plumbea",30.5183429719561,-2.17825229758105
"Sousa_sahulensis","Odontoceti","Delphinidae",NA,NA,1,NA,NA,NA,"fish",NA,NA,NA,NA,NA,"vulnerable",NA,NA,240,240,"coastal","Raptorial",NA,"Sousa sahulensis",0.10715067700005,-14.1909846185
"Sousa_teuszii","Odontoceti","Delphinidae","nocturnal","nocturnal",3,NA,NA,NA,"fish",NA,NA,NA,NA,6,"critically_endangered",NA,NA,176.8355,163.41775,"coastal","Raptorial",NA,"Sousa teuszii",23.916383743,3.87656530450005
"Stenella_attenuata","Odontoceti","Delphinidae","nocturnal/crepuscular","crepuscular",4,5,2.6,30.62917,"cephalopods + fish",NA,NA,"15,512.50",4234,88.4,"least_concern",213,184.75,165,115.5,"pelagic","Raptorial","mid","Stenella attenuata",43.5502419410001,1.25274613550008
"Stenella_clymene","Odontoceti","Delphinidae","nocturnal","nocturnal",2,NA,NA,26.2520475,"cephalopods + fish",NA,NA,NA,NA,76,"least_concern",700,700,85,81.5,"pelagic","Raptorial","deep","Stenella clymene",41.0165759490001,4.21493517950006
"Stenella_coeruleoalba","Odontoceti","Delphinidae","nocturnal","nocturnal",3,NA,2.56,25.9808247045071,"cephalopods + fish","939.4",2.45,"16,607.50",3285,126,"least_concern",700,700,164.5,159.125,"pelagic","Raptorial","deep","Stenella coeruleoalba",60.6971804179978,5.52485823801094
"Stenella_frontalis","Odontoceti","Delphinidae","nocturnal","nocturnal",3,6,2.3,29.07710474,"cephalopods + fish",NA,NA,NA,4197.5,9.5,"least_concern",60,60,143,124.25,NA,"Raptorial","shallow","Stenella frontalis",49.1737602910001,7.35251308250005
"Stenella_longirostris","Odontoceti","Delphinidae","nocturnal","nocturnal",4,3,2.35,29.3828666666667,"cephalopods + fish","660",3.62,"7300",2007.5,29,"least_concern",600,392.5,82,75.6125,"pelagic","Raptorial","deep","Stenella longirostris",41.3899726600001,3.43058278800007
"Steno_bredanensis","Odontoceti","Delphinidae","nocturnal/crepuscular","crepuscular",4,15,2.65,32.2005806666667,"cephalopods + fish","1537.9",5.01,"11,680",3650,16.8,"least_concern",400,292.5,160,146.40625,"pelagic","Raptorial","mid","Steno bredanensis",48.2998031909701,5.51880265148535
"Tasmacetus_shepherdi","Odontoceti","Ziphiidae",NA,NA,1,NA,NA,21.2229,"cephalopods + fish",NA,NA,NA,NA,4,NA,NA,NA,5000,5000,"pelagic","Suction","verydeep_low_conf","Tasmacetus shepherdi",-33.250954318,-44.200122657
"Tursiops_aduncus","Odontoceti","Delphinidae","nocturnal/crepuscular","crepuscular",5,NA,NA,NA,"cephalopods + fish",NA,NA,"15,512.50",4745,40,"near_threatened",200,200,230,217,"coastal","Raptorial","mid","Tursiops aduncus",36.1057980946064,-0.756338574415622
"Tursiops_truncatus","Odontoceti","Delphinidae","cathemeral/crepuscular","crepuscular",5,12,3.8,25.1699166666667,"cephalopods + fish","1676.5",3.61,"13,140",3504,7,"least_concern",535,517.5,650,537.395,"coastal/pelagic","Raptorial","deep","Tursiops truncatus",62.8119009530654,4.58664004615637
"Ziphius_cavirostris","Odontoceti","Ziphiidae","cathemeral","cathemeral",4,58,7,24.2284978969267,"cephalopods + fish","2004",0.7,"15,147.50",4015,2.4,"least_concern",2992,2351.33333333333,3500,3051.25,"pelagic","Suction","verydeep","Ziphius cavirostris",64.7919473489004,5.78335748378631
