Genus_species,Male_body_mass(g),Female_Body_Mass(g),Average_Body_Mass(g),Brain_mass(g),Encephalization_quotient,Longevity(days),Sexual_maturity_age_females(days),Average_group_size,Group_size_range,Group_social_dynamics,Feeding_strategy
Balaena mysticetus,"75,000,000","100,000,000","87,500,000",,,"36,500",5475,2,14-Feb,Sol,SK/OCO
Eubalaena australis,"28,022,000","34,339,000","31,180,500",,,,2555,4,10-Jan,SSG,SK
Eubalaena glacialis,"67,200,000","48,900,000","58,050,000",,,"25,550",2920,1.5,1-100,Sol,SK
Eubalaena japonica,,,,,,,,,,,SK
Balaenoptera physalus,"65,767,000","82,759,000","74,263,000",7111.43,0.23,"36,500",2920,2.8,16-Jan,SSG,LF
Balaenoptera acutorostrata,"6,070,000","6,370,000","6,220,000",,,9490,3102.5,1.5,08-Jan,Sol,LF
Balaenoptera bonaerensis,"7,781,000","9,019,000","8,400,000",,,"14,600",2555,3.6,15-Jan,Sol,LF
Balaenoptera borealis,"17,318,000","19,714,000","18,516,000",4900,0.43,"20,622.50",3102.5,1.8,05-Jan,Sol,LF/SF
Balaenoptera edeni,"15,000,000","16,600,000","15,800,000",,,,4197.5,1.4,08-Jan,Sol,LF
Balaenoptera musculus,"90,885,000","113,542,000","102,213,500",3636,0.09,"24,637.50",3650,1,08-Jan,Sol,SwF
Megaptera novaeangliae,"27,700,000","32,400,000","30,050,000",6439,0.4,9125,1642.5,4.7,15-Jan,SSG,LF/CO
Eschrichtius robustus,"36,000,000","36,000,000","36,000,000",4316.67,0.23,"29,200",2920,1,05-Jan,Sol,SuF
Caperea marginata,"3,329,000","3,823,000","3,576,000",,,,,5,1-80,"SSG/
Sol",SF
Cephalorhynchus commersoni,"65,300","72,400","68,850",,,6570,2190,3,10-Jan,SSG,R/OCO
Cephalorhynchus eutropia,"63,000","63,000","63,000",,,,,5,10-Feb,SSG,R
Cephalorhynchus heavisidii,"76,660","65,000","70,830",,,,,3.2,10-Jan,SSG/Sol,R
Cephalorhynchus hectori,"58,500","65,000","61,750",,,7300,2737.5,5,10-Feb,SSG/FF?,R
Delphinus capensis,"160,000","109,000","134,500",,,9490,3102.5,302,"1-10,00",SG,R/CO
Deplhinus delphis,"62,500","55,500","59,000",810.9,4.41,9672.5,2956.5,55,3-300,SG/FF,R/CO
Feresa attenuata,"123,000","114,000","118,500",,,,,15.2,27-Oct,SG,R
Globicephala macrorhynchus,"1,211,000","573,000","892,000",-,,"22,630",3193.75,31.7,2-200,SG,R
Globicephala melas,"943,200","836,000","889,600",3152.8,2.45,"21,535",2920,56,1-275,SSG/FF?,R
Grampus griseus,"350,000","234,000","292,000",2551,4.4,"12,592.50",3285,11.6,1-80,SSG/FF?,R
Lagenodelphis hosei,"209,000","164,000","186,500",,,6387.5,2372.5,167,7-1000,SG,R/CO
Lagenorhynchus albirostris,"350,000","300,000","325,000",1126,1.8,,,30,20-1000,,
Lagenorhynchus australis,,"115,000",,,,,,3.5,05-Feb,SSG,R/CO
Lagenorhynchus cruciger,"94,000","88,200","91,100",,,,,5.6,31-Jan,SSG,R
Lagenirhynchus obliquidens,"105,000","77,100","91,050",1140,4.54,"16,790",2737.5,90,10-3000,SG,R
Lagenorhynchus obscurus,"88,070","88,773","88,421.50",,,"12,957.50",2555,35.5,2-800,SG,R/CO
Lagenorhynchus acutus,"230,000","180,000","205,000",1200,2.67,9855,3285,40,10-500,SG,R
Lissodelphis borealis,"113,000","81,000","97,000",,,,3540.5,,,SG,R
Lissodelphis peronii,"241,000","118,950","179,975",,,,,56.6,1-500,SG,R
Orcaella brevirostris,"130,000","110,500","120,250",,,"10,950",1825,3,15-Feb,SG,R
Orcinus orca,"14,206,000","11,026,000","12,616,000",4779.5,0.55,"31,025",5110,12.3,2-200,SG,R/CO
Peponocephala electra,"228,000","218,000","223,000",,,"16,607.50",4197.5,269,100-600,SG/,R
Pseudorca crassidens,"866,000","490,000","678,000",2534,2.39,"22,630",3604.5,20.2,1-100,SG,R/CO
Sotalia fluviatilis,"47,000","42,200","44,600",688,4.58,"10,767.50",,4,2-60,SG,R/CO
Sousa chinensis,"260,000","170,000","215,000",,,"16,790",3650,13,25-Feb,SSG/FF?,R/CO
Sousa teuszii,"186,760","166,911","176,835.50",,,,,6,22-Jan,SG,R/CO
Stenella attenuata,"60,600","57,400","59,000",,,"15,512.50",4234,88.4,4-1000,SSG/FF?,R
Stenella longirostris,"66,200","50,700","58,450",660,3.62,7300,2007.5,29,1-200,SG/FF,R/CO
Stenella frontalis,"96,500","83,000","89,750",,,,4197.5,9.5,1-500,SSG/FF?,R/CO
Stenella coeruleoalba,"190,000","139,000","164,500",939.4,2.45,"16,607.50",3285,126,1-1000,SG,R
Stenella clymene,"80,000","76,000","78,000",,,,,76,1-1000,SG,R/CO
Tursiops aduncus,"200,000","182,000","191,000",,,"15,512.50",4745,40,1-287,SSG/FF,R/CO
Tursiops truncatus,"234,500","194,660","214,580",1676.5,3.61,"13,140",3504,7,1-300,SSG/FF,R/CO
Steno bredanensis,"135,250","106,000","120,625",1537.9,5.01,"11,680",3650,16.8,1-50,SG,R/CO
Delphinapterus leucas,"636,000","636,000","636,000",2083,2.06,"14,600",1825,6,2-1000,SSG,R
Monodon monoceros,"1,578,300","1,578,300","1,578,300",2996.7,1.54,-,4307,10,20-Mar,SG,R
Neophocaena phocaenoides,,"27,000","32,400",468,3.92,9125,2372.5,3.5,05-Feb,SG,R
Phocoena dioptrica,"115,000","85,000","100,000",,,2920,730,2,04-Jan,SSG,
Phocoena phocoena,"48,650","58,900","53,775",523,3.04,6205,1014.7,5,10-Feb,SG,R
Phocoena sinus,"46,700","40,000","43,350",,,7665,1642.5,2,10-Jan,SG,R
Phocoena spinipinnis,,,,,,,,5,08-Feb,SG,R
Phocoenoides dalli,"85,000","86,550","85,775",876.4,3.65,6022.5,1817.7,7,12-Feb,SSG/FF?,R
Tasmacetus shepherdi,,,,,,,,4,06-Mar,SSG,
Ziphius cavirostris,"2,450,000","2,960,000","2,705,000",2004,0.7,"15,147.50",4015,2.4,07-Jan,SSG/Sol,R
Berardius bairdii,"124,000","128,500","126,250",,,"19,710",4562.5,5.5,30-Jan,SSG/Sol,R
Berardius arnuxii,,,,,,"19,710",4562.5,4,16-Jan,SSG,
Hyperoodon ampullatus,"7,500,000","5,800,000","6,650,000",,,"13,505",3650,2.75,04-Jan,SG/FF,R
Hyperoodon planifrons,"5,539,000","6,708,000","6,123,500",,,,,3.9,10-Jan,SSG,R
Indopacetus pacificus,,,,,,,,,,,
Mesoplodon carlhubbsi,,,,,,,,,,,
Mesoplodon stejnegeri,,,,,,,,10,15-May,SSG,
Mesoplodon peruvianus,,,,,,,,,,,
Mesoplodon perrini,,,,,,,,,,,
Mesoplodon mirus,"1,097,000","1,263,000","1,180,000",2355,1.49,,,2,03-Jan,SSG,R
Mesoplodon layardii,"2,243,000","2,555,000","2,399,000",,,,,4.1,06-Feb,SSG,SuF
Mesoplodon hectori,,,,,,,,,,,
Mesoplodon grayi,"1,156,800","997,300","1,077,050",,,,,4,08-Jan,SSG,R
Mesoplodon ginkodens,,,,,,,,,,,
Mesoplodon bidens,,,,,,,,,,,
Mesoplodon densirostris,"1,168,000","1,178,000","1,173,000",1424.5,0.91,9855,3285,5,12-Feb,SSG,R
Mesoplodon bowdoini,,,,,,,,,,,
Mesoplodon traversii,,,,,,,,,,,
Mesoplodon europaeus,"765,000","902,000","833,500",2148.5,1.75,"17,520",3285,,,,R
Kogia breviceps,"318,000","350,000","334,000",1019,1.6,7300,1825,3,06-Jan,SSG/Sol,R
Kogia simus,"291,000","291,000","291,000",622,1.08,,1825,1.6,06-Jan,SSG/Sol,R
Physeter macrocephalus,"53,681,000","18,382,000","36,031,500",8183.1,0.45,"23,725",3285,25,6-40,SG,
Platanista gangetica,"59,500","59,660","59,580",290.5,1.57,"10,220",3650,1,10-Jan,SSG/Sol,R
Platanista minor,,,"18,300",164,2.07,,,1,10-Jan,SSG/Sol,R
Inia geoffrensis,"109,657","74,350",92003.5,633.7,2.51,7300,1825,1,03-Jan,SSG/Sol,R
Lipotes vexillifer,"82,000","82,000","82,000",510,2.19,8760,2190,3.5,10-Feb,SSG,R
Pontoporia blainvillei,"31,080","38,640","34,860",221.2,1.76,7665,985.5,1,15-Jan,SSG,R
