_id,Body size,Diet,Divetype,Family,Feeding behaviour,Feeding1,Feeding2,Habitat ,Habitat1,Habitat2,Regime,Taxon
9,10000,generalist,verydeep,ziphiidae,suction,suction,suction,oceanic,oceanic,oceanic,purple,Hyperoodon_ampullatus
2,66,generalist,shallow,delphinidae,raptorial/suction,raptorial,suction,nearshore,nearshore,nearshore,black,Cephalorhynchus_commersonii
6,225,generalist,deep,delphinidae,raptorial,raptorial,raptorial,oceanic,oceanic,oceanic,black,Feresa_attenuata
15,350,fish,mid,delphinidae,raptorial,raptorial,raptorial,nearshore/oceanic,nearshore,oceanic,black,Lagenorhynchus_albirostris
1,9000,generalist,verydeep,ziphiidae,suction,suction,suction,oceanic,oceanic,oceanic,purple,Berardius_arnuxii
10,207,fish,shallow,iniidae,raptorial,raptorial,raptorial,riverine,riverine,riverine,black,Inia_geoffrensis
3,75,generalist,shallow,delphinidae,raptorial/suction,raptorial,suction,nearshore,nearshore,nearshore,black,Cephalorhynchus_heavisidii
14,235,fish,mid,delphinidae,raptorial/suction,raptorial,suction,nearshore/oceanic,nearshore,oceanic,black,Lagenorhynchus_acutus
23,500,unknown,verydeep,ziphiidae,suction,suction,suction,oceanic,oceanic,oceanic,purple,Mesoplodon_hectori
4,1600,fish,mid,mondontidae,suction,suction,suction,nearshore/oceanic,nearshore,oceanic,black,Delphinapterus_leucas
20,167,fish,shallow,lipotidae,raptorial,raptorial,raptorial,riverine,riverine,riverine,black,Lipotes_vexillifer
7,2300,generalist,deep,delphinidae,suction,suction,suction,nearshore/oceanic,nearshore,oceanic,black,Globicephala_melas
27,130,generalist,shallow,delphinidae,suction,suction,suction,riverine/nearshore,riverine,nearshore,black,Orcaella_brevirostris
24,1400,generalist,verydeep,ziphiidae,suction,suction,suction,oceanic,oceanic,oceanic,yellow,Mesoplodon_mirus
5,200,fish,mid,delphinidae,raptorial,raptorial,raptorial,nearshore/oceanic,nearshore,oceanic,black,Delphinus_delphis
32,105,generalist,shallow,phocoenidae,suction,suction,suction,nearshore,nearshore,nearshore,black,Phocoena_spinipinnis
16,115,generalist,shallow,delphinidae,raptorial,raptorial,raptorial,nearshore,nearshore,nearshore,black,Lagenorhynchus_australis
28,6600,generalist,shallow,delphinidae,raptorial/suction,raptorial,suction,nearshore/oceanic,nearshore,oceanic,black,Orcinus_orca
25,1800,generalist,deep,mondontidae,suction,suction,suction,nearshore/oceanic,nearshore,oceanic,black,Monodon_monoceros
8,500,cephalopods,deep,delphinidae,suction,suction,suction,nearshore/oceanic,nearshore,oceanic,black,Grampus_griseus
33,200,generalist,deep,phocoenidae,suction,suction,suction,nearshore/oceanic,nearshore,oceanic,green,Phocoenoides_dalli
18,198,fish,deep,delphinidae,raptorial,raptorial,raptorial,nearshore/oceanic,nearshore,oceanic,black,Lagenorhynchus_obliquidens
30,115,generalist,mid,phocoenidae,suction,suction,suction,nearshore/oceanic,nearshore,oceanic,black,Phocoena_dioptrica
26,55,generalist,shallow,phocoenidae,suction,suction,suction,nearshore,nearshore,nearshore,black,Neophocaena_phocaenoides
11,680,generalist,deep,kogiidae,suction,suction,suction,oceanic,oceanic,oceanic,green,Kogia_breviceps
36,40,fish,shallow,pontoporiidae,raptorial,raptorial,raptorial,nearshore,nearshore,nearshore,black,Pontoporia_blainvillei
22,900,generalist,verydeep,ziphiidae,suction,suction,suction,oceanic,oceanic,oceanic,purple,Mesoplodon_grayi
42,156,generalist,deep,delphinidae,raptorial,raptorial,raptorial,oceanic,oceanic,oceanic,black,Stenella_coeruleoalba
31,75,generalist,shallow,phocoenidae,suction,suction,suction,nearshore/oceanic,nearshore,oceanic,black,Phocoena_phocoena
12,280,cephalopods,deep,kogiidae,suction,suction,suction,oceanic,oceanic,oceanic,green,Kogia_sima
38,52,fish,shallow,delphinidae,raptorial,raptorial,raptorial,riverine,riverine,riverine,black,Sotalia_fluviatilis
29,275,generalist,deep,delphinidae,suction,suction,suction,oceanic,oceanic,oceanic,black,Peponocephala_electra
45,5000,generalist,verydeep,ziphiidae,suction,suction,suction,oceanic,oceanic,oceanic,purple,Tasmacetus_shepherdi
34,70000,generalist,verydeep,physeteridae,suction,suction,suction,oceanic,oceanic,oceanic,purple,Physeter_macrocephalus
13,210,generalist,deep,delphinidae,suction,suction,suction,oceanic,oceanic,oceanic,black,Lagenodelphis_hosei
39,40,generalist,shallow,delphinidae,raptorial,raptorial,raptorial,nearshore,nearshore,nearshore,black,Sotalia_guianensis
41,119,generalist,mid,delphinidae,raptorial,raptorial,raptorial,nearshore/oceanic,nearshore,oceanic,black,Stenella_attenuata
37,2200,generalist,deep,delphinidae,raptorial/suction,raptorial,suction,nearshore/oceanic,nearshore,oceanic,black,Pseudorca_crassidens
17,94,generalist,deep,delphinidae,unknown,unknown,unknown,oceanic,oceanic,oceanic,black,Lagenorhynchus_cruciger
44,150,generalist,shallow,delphinidae,raptorial,raptorial,raptorial,nearshore/oceanic,nearshore,oceanic,black,Steno_bredanensis
40,280,fish,shallow,delphinidae,raptorial,raptorial,raptorial,nearshore,nearshore,nearshore,black,Sousa_chinensis
19,85,generalist,deep,delphinidae,raptorial,raptorial,raptorial,nearshore,nearshore,nearshore,black,Lagenorhynchus_obscurus
21,1500,generalist,verydeep,ziphiidae,suction,suction,suction,oceanic,oceanic,oceanic,purple,Mesoplodon_bidens
35,110,fish,shallow,platanistidae,raptorial,raptorial,raptorial,riverine,riverine,riverine,black,Platanista_gangetica
43,80,fish,shallow,delphinidae,raptorial,raptorial,raptorial,nearshore/oceanic,nearshore,oceanic,black,Stenella_longirostris
46,230,generalist,mid,delphinidae,raptorial,raptorial,raptorial,nearshore,nearshore,nearshore,black,Tursiops_aduncus
47,635,generalist,mid,delphinidae,raptorial,raptorial,raptorial,nearshore/oceanic,nearshore,oceanic,black,Tursiops_truncatus
48,3500,cephalopods,verydeep,ziphiidae,suction,suction,suction,oceanic,oceanic,oceanic,yellow,Ziphius_cavirostris
