"Species_name","min_lat","max_lat","tips","mean_lat"
"Naemorhedus goral",26.755435592,35.772135593,"Naemorhedus_goral",31.2637855925
"Ovis nivicola",51.7751355930001,72.1234355930001,"Ovis_nivicola",61.9492855930001
"Babyrousa babyrussa",-3.84436106799996,-1.62850066599998,"Babyrousa_babyrussa",-2.73643086699997
"Budorcas taxicolor",24.690835593,34.0919355930001,"Budorcas_taxicolor",29.3913855930001
"Capricornis swinhoei",22.245435593,24.9962355930001,"Capricornis_swinhoei",23.620835593
"Pecari tajacu",-34.8169556239999,35.0746387040001,"Pecari_tajacu",0.128841540000053
"Dama dama",34.899835593,60.519635593,"Dama_dama",47.709735593
"Nilgiritragus hylocrius",8.44373559300004,11.4617355930001,"Nilgiritragus_hylocrius",9.95273559300006
"Lama guanicoe",-55.061313634,-9.32188036099996,"Lama_guanicoe",-32.1915969975
"Choeropsis liberiensis",4.27714395400005,9.93161000000003,"Choeropsis_liberiensis",7.10437697700004
"Hippopotamus amphibius",-28.5085819189999,14.38572,"Hippopotamus_amphibius",-7.06143095949994
"Capra nubiana",11.6628355920889,34.5458483376307,"Capra_nubiana",23.1043419648598
"Capra caucasica",42.8467535318501,43.932243288597,"Capra_caucasica",43.3894984102235
"Capra aegagrus",25.0893266421109,42.9492625223476,"Capra_aegagrus",34.0192945822292
"Ovis ammon",27.2744355931281,51.3781588767308,"Ovis_ammon",39.3262972349295
"Ovis canadensis",24.5293355925636,54.4208355931881,"Ovis_canadensis",39.4750855928759
"Ovis gmelini",26.5572410030699,40.1760381898106,"Ovis_gmelini",33.3666395964403
"Capra sibirica",31.7476355929084,53.1721355926835,"Capra_sibirica",42.4598855927959
"Ovibos moschatus",55.9070789297489,83.634100652823,"Ovibos_moschatus",69.7705897912859
"Ovis dalli",55.5422355921989,69.4675355925936,"Ovis_dalli",62.5048855923962
"Naemorhedus caudatus",36.2892312781011,48.2364355929283,"Naemorhedus_caudatus",42.2628334355147
"Capricornis crispus",31.9693843849814,41.5462341310004,"Capricornis_crispus",36.7578092579909
"Hemitragus jemlahicus",26.9698008071616,33.687078404345,"Hemitragus_jemlahicus",30.3284396057533
"Muntiacus vuquangensis",10.980035593,19.392135592,"Muntiacus_vuquangensis",15.1860855925
"Muntiacus truongsonensis",13.805935592,24.7435355920001,"Muntiacus_truongsonensis",19.274735592
"Mazama pandora",16.952835593,21.6098355930001,"Mazama_pandora",19.2813355930001
"Mazama nana",-29.849343188,-22.836583397,"Mazama_nana",-26.3429632925
"Mazama gouazoubira",-34.4921331749999,8.31824588800004,"Mazama_gouazoubira",-13.0869436434999
"Mazama americana",-27.5445644079999,12.4633355930001,"Mazama_americana",-7.54061440749993
"Mazama bororo",-29.459899902,-21.038513184,"Mazama_bororo",-25.249206543
"Cervus nippon",18.318335593,45.5944355930001,"Cervus_nippon",31.956385593
"Axis calamianensis",11.662278175,12.331333161,"Axis_calamianensis",11.996805668
"Rusa timorensis",-8.78072261799997,-6.52233314499995,"Rusa_timorensis",-7.65152788149996
"Alces alces",40.4737548780001,72.8179355930001,"Alces_alces",56.6458452355001
"Axis porcinus",6.08703559200006,32.0836355930001,"Axis_porcinus",19.0853355925001
"Axis axis",5.91683621000004,29.893107451,"Axis_axis",17.9049718305
"Mazama nemorivaga",-16.532664407,11.6870355930001,"Mazama_nemorivaga",-2.42281440699995
"Hippocamelus antisensis",-27.061564408,-7.26756440799994,"Hippocamelus_antisensis",-17.164564408
"Hippocamelus bisulcus",-53.800824964,-36.523292538,"Hippocamelus_bisulcus",-45.162058751
"Muntiacus putaoensis",23.6481355920001,28.3675355930001,"Muntiacus_putaoensis",26.0078355925001
"Elaphodus cephalophus",22.1186355930001,34.083435593,"Elaphodus_cephalophus",28.1010355930001
"Elaphurus davidianus",29.749735592,39.1325355930001,"Elaphurus_davidianus",34.4411355925
"Ozotoceros bezoarticus",-39.1698928819999,-6.04582533699994,"Ozotoceros_bezoarticus",-22.6078591094999
"Muntiacus feae",8.48103559300006,16.7004355930001,"Muntiacus_feae",12.5907355930001
"Muntiacus rooseveltorum",13.805935592,24.7435355920001,"Muntiacus_rooseveltorum",19.274735592
"Muntiacus gongshanensis",24.9344355920001,30.570135593,"Muntiacus_gongshanensis",27.7522855925
"Muntiacus crinifrons",27.360635593,31.2792355930001,"Muntiacus_crinifrons",29.3199355930001
"Blastocerus dichotomus",-34.6908180139999,-7.43726829499997,"Blastocerus_dichotomus",-21.0640431545
"Capreolus capreolus",31.8988355930001,68.6237355920001,"Capreolus_capreolus",50.2612855925001
"Capreolus pygargus",29.483235592,63.5705355920001,"Capreolus_pygargus",46.526885592
"Odocoileus hemionus",21.2715355930001,62.2811355920001,"Odocoileus_hemionus",41.7763355925001
"Odocoileus virginianus",-17.981699028,61.7698496080001,"Odocoileus_virginianus",21.89407529
"Hydropotes inermis",28.766455062,39.8976355930001,"Hydropotes_inermis",34.3320453275001
"Pudu mephistophiles",-12.185564407,5.59993559300005,"Pudu_mephistophiles",-3.29281440699995
"Pudu puda",-47.5855644069999,-35.4777644069999,"Pudu_puda",-41.5316644069999
"Mazama temama",6.43333559300004,23.8850355930001,"Mazama_temama",15.159185593
"Muntiacus puhoatensis",19.5788355930001,19.833535592,"Muntiacus_puhoatensis",19.7061855925
"Mazama bricenii",4.96023559300005,10.975935593,"Mazama_bricenii",7.96808559300004
"Muntiacus vaginalis",5.91753559200004,33.2271355930001,"Muntiacus_vaginalis",19.5723355925001
"Mazama rufina",-5.96926440799996,6.02453559300005,"Mazama_rufina",0.0276355925000473
"Mazama chunyi",-17.5613644069999,-11.1625644069999,"Mazama_chunyi",-14.3619644069999
"Muntiacus atherodes",-4.18826440699996,7.03473559300005,"Muntiacus_atherodes",1.42323559300004
"Rucervus eldii",11.732235593,24.5432355940001,"Rucervus_eldii",18.1377355935001
"Rangifer tarandus",-54.886440277,83.110618592,"Rangifer_tarandus",14.1120891575
"Rucervus duvaucelii",22.0840355920001,30.321735592,"Rucervus_duvaucelii",26.2028855920001
"Muntiacus montanus",-5.47126440799997,5.46113559300005,"Muntiacus_montanus",-0.00506440749995818
"Rusa marianna",5.55541658400006,18.580635591,"Rusa_marianna",12.0680260875
"Rusa alfredi",9.18233559200007,11.717335593,"Rusa_alfredi",10.4498355925001
"Porcula salvania",26.6199355928534,26.8375355928933,"Porcula_salvania",26.7287355928734
"Sus verrucosus",-7.78569460099993,-5.79082775199993,"Sus_verrucosus",-6.78826117649993
"Sus cebifrons",9.17149543800002,12.3257565690001,"Sus_cebifrons",10.7486260035
"Sus philippensis",5.80761575700006,18.6303882600001,"Sus_philippensis",12.2190020085001
"Sus ahoenobarbus",7.80166673700006,12.33133316,"Sus_ahoenobarbus",10.0664999485001
"Sus bucculentus",11.0748355920001,18.3633355920001,"Sus_bucculentus",14.7190855920001
"Potamochoerus larvatus",-34.440564407,13.6963355930001,"Potamochoerus_larvatus",-10.3721144069999
"Sus celebensis",-10.9418611530697,2.92300009717678,"Sus_celebensis",-4.00943052794648
"Sus scrofa",-8.84949970194964,61.5202721240593,"Sus_scrofa",26.3353862110548
"Sus oliveri",12.677738382,13.512749672,"Sus_oliveri",13.095244027
"Babyrousa celebensis",-5.70324993199995,1.55561113300007,"Babyrousa_celebensis",-2.07381939949994
"Babyrousa togeanensis",-0.571027754999932,-0.231916665999961,"Babyrousa_togeanensis",-0.401472210499946
"Cephalorhynchus hectori",-47.0779362919999,-35.6400833129999,"Cephalorhynchus_hectori",-41.3590098024999
"Bison bonasus",41.4718593964026,60.0247746889208,"Bison_bonasus",50.7483170426617
"Bos sauveli",12.378335593,14.5947355930001,"Bos_sauveli",13.486535593
"Bos gaurus",3.70793559300006,29.7566355930001,"Bos_gaurus",16.7322855930001
"Bubalus depressicornis",-5.43113899199994,1.27483559200004,"Bubalus_depressicornis",-2.07815169999995
"Bubalus quarlesi",-5.14736440799993,1.24603559300004,"Bubalus_quarlesi",-1.95066440749994
"Bubalus arnee",6.27903559300006,27.7430355930001,"Bubalus_arnee",17.0110355930001
"Addax nasomaculatus",15.6381355930001,22.5009301370001,"Addax_nasomaculatus",19.0695328650001
"Aepyceros melampus",-27.892464407,2.96303559200004,"Aepyceros_melampus",-12.4647144075
"Ammodorcas clarkei",4.33823559300004,7.96053223400003,"Ammodorcas_clarkei",6.14938391350003
"Antilope cervicapra",8.06904578000007,28.7461355930001,"Antilope_cervicapra",18.4075906865001
"Cephalophus adersi",-6.47613525399993,-1.35353999999995,"Cephalophus_adersi",-3.91483762699994
"Cephalophus callipygus",-4.52216440799998,5.02023559200006,"Cephalophus_callipygus",0.249035592000041
"Cephalophus jentinki",4.83623453100006,9.29473559300004,"Cephalophus_jentinki",7.06548506200005
"Cephalophus leucogaster",-5.68289432899996,4.27843559300004,"Cephalophus_leucogaster",-0.702229367999962
"Philantomba maxwellii",4.35313559300005,13.858435592,"Philantomba_maxwellii",9.10578559250004
"Philantomba monticola",-34.3584644069999,9.14303559300004,"Philantomba_monticola",-12.6077144069999
"Cephalophus natalensis",-29.940664408,-6.71996440699996,"Cephalophus_natalensis",-18.3303144075
"Cephalophus niger",4.29343559300003,10.008535593,"Cephalophus_niger",7.15098559300003
"Cephalophus nigrifrons",-11.3570644069999,5.87333559300004,"Cephalophus_nigrifrons",-2.74186440699995
"Cephalophus ogilbyi",-3.95053590399993,9.89903559200008,"Cephalophus_ogilbyi",2.97424984400007
"Cephalophus rufilatus",1.88833559300002,15.0020355930001,"Cephalophus_rufilatus",8.44518559300005
"Cephalophus silvicultor",-17.381464407,13.1637355930001,"Cephalophus_silvicultor",-2.10886440699994
"Cephalophus spadix",-9.23556440799996,-2.85376440699997,"Cephalophus_spadix",-6.04466440749997
"Cephalophus weynsi",-6.56486440699996,5.47383559300005,"Cephalophus_weynsi",-0.545514406999956
"Cephalophus zebra",4.83623453100006,8.53598409100005,"Cephalophus_zebra",6.68610931100005
"Cephalophus harveyi",-13.350664407,6.81563559200004,"Cephalophus_harveyi",-3.26751440749996
"Connochaetes gnou",-32.947264407,-25.702264407,"Connochaetes_gnou",-29.324764407
"Beatragus hunteri",-3.49086440699995,-0.710264406999954,"Beatragus_hunteri",-2.10056440699995
"Damaliscus lunatus",-26.6915644069999,12.969835592,"Damaliscus_lunatus",-6.86086440749995
"Dorcatragus megalotis",8.68738395200006,11.742426575,"Dorcatragus_megalotis",10.2149052635
"Gazella cuvieri",26.755384249,36.128989846,"Gazella_cuvieri",31.4421870475
"Nanger dama",14.0875355920001,30.0765988910001,"Nanger_dama",22.0820672415001
"Gazella dorcas",10.3248081420001,35.453826904,"Gazella_dorcas",22.889317523
"Gazella gazella",30.7847355920001,36.5763104910001,"Gazella_gazella",33.6805230415001
"Nanger granti",-7.96866440699995,5.87443559200005,"Nanger_granti",-1.04711440749995
"Gazella leptoceros",17.8137355920001,33.9273355930001,"Gazella_leptoceros",25.8705355925001
"Eudorcas rufifrons",8.93973559200003,17.419735593,"Eudorcas_rufifrons",13.1797355925
"Gazella spekei",2.21733559300003,10.485935593,"Gazella_spekei",6.35163559300003
"Gazella subgutturosa",25.742235593,50.164335592,"Gazella_subgutturosa",37.9532855925
"Gazella marica",15.096935592,37.5867355930001,"Gazella_marica",26.3418355925
"Gazella bennettii",15.439235592,35.8467355920001,"Gazella_bennettii",25.6429855920001
"Eudorcas tilonura",12.3619355920001,19.3961355920001,"Eudorcas_tilonura",15.8790355920001
"Eudorcas albonotata",4.84403559300006,9.33333559300007,"Eudorcas_albonotata",7.08868559300006
"Hippotragus equinus",-25.4811644069999,14.5247355930001,"Hippotragus_equinus",-5.47821440699994
"Hippotragus niger",-25.805264407,-2.97086440799995,"Hippotragus_niger",-14.3880644075
"Hyemoschus aquaticus",-8.65076440799993,11.7527084500001,"Hyemoschus_aquaticus",1.55097202100006
"Kobus leche",-20.0259644079999,-8.31756440799995,"Kobus_leche",-14.1717644079999
"Kobus megaceros",6.18873559200006,10.251235593,"Kobus_megaceros",8.21998559250005
"Kobus ellipsiprymnus",-28.758664407,16.1153355920001,"Kobus_ellipsiprymnus",-6.32166440749995
"Kobus kob",-1.04686440699993,15.7312355930001,"Kobus_kob",7.34218559300007
"Kobus vardonii",-17.408064408,-4.11616440699993,"Kobus_vardonii",-10.7621144075
"Litocranius walleri",-5.67026440699993,11.5541355930001,"Litocranius_walleri",2.94193559300007
"Madoqua piacentinii",2.20583559300007,7.79904725300003,"Madoqua_piacentinii",5.00244142300005
"Madoqua saltiana",0.953535592000037,18.315835592,"Madoqua_saltiana",9.63468559200004
"Madoqua guentheri",-2.54226440699995,9.85786479400002,"Madoqua_guentheri",3.65780019350004
"Madoqua kirkii",-24.2071644069999,2.84593559200005,"Madoqua_kirkii",-10.6806144074999
"Neotragus pygmaeus",4.35313559300005,9.80803559300006,"Neotragus_pygmaeus",7.08058559300005
"Neotragus batesi",-4.24676440799993,5.88873559300004,"Neotragus_batesi",0.820985592500051
"Nesotragus moschatus",-28.2229644069999,0.411235593000072,"Nesotragus_moschatus",-13.9058644069999
"Oreotragus oreotragus",-34.839764407,20.0004355930001,"Oreotragus_oreotragus",-7.41966440699994
"Oryx leucoryx",18.53511,31.1677800000001,"Oryx_leucoryx",24.851445
"Oryx beisa",-5.64786440799998,13.1225355920001,"Oryx_beisa",3.73733559200005
"Ourebia ourebi",-33.7352186369999,16.2892355930001,"Ourebia_ourebi",-8.72299152199994
"Pantholops hodgsonii",29.2491531810001,37.426111909,"Pantholops_hodgsonii",33.337632545
"Pelea capreolus",-34.839764407,-23.1231644069999,"Pelea_capreolus",-28.9814644069999
"Procapra przewalskii",36.3253765910001,37.4132661620001,"Procapra_przewalskii",36.8693213765001
"Raphicerus melanotis",-34.839764407,-30.152664407,"Raphicerus_melanotis",-32.496214407
"Raphicerus sharpei",-26.7981644069999,-3.36556440799995,"Raphicerus_sharpei",-15.0818644074999
"Raphicerus campestris",-34.839764407,0.841435593000028,"Raphicerus_campestris",-16.999164407
"Redunca arundinum",-31.0750644079999,-2.04556440799996,"Redunca_arundinum",-16.560314408
"Redunca fulvorufula",-33.914664407,9.99023559300002,"Redunca_fulvorufula",-11.962214407
"Redunca redunca",-11.409864408,16.273935593,"Redunca_redunca",2.43203559250003
"Sylvicapra grimmia",-34.839764407,15.8936355930001,"Sylvicapra_grimmia",-9.47306440699995
"Syncerus caffer",-34.839764407,13.4624355930001,"Syncerus_caffer",-10.6886644069999
"Tetracerus quadricornis",12.192835593,30.020135592,"Tetracerus_quadricornis",21.1064855925
"Damaliscus pygargus",-34.839764407,-24.402864407,"Damaliscus_pygargus",-29.621314407
"Tragelaphus derbianus",5.66139024600005,13.650235593,"Tragelaphus_derbianus",9.65581291950005
"Nanger soemmerringii",4.78613559300004,17.8664355930001,"Nanger_soemmerringii",11.3262855930001
"Camelus ferus",36.4640046962598,45.8055898389999,"Camelus_ferus",41.1347972676299
"Balaena mysticetus",49.7405856770001,83.897561405,"Balaena_mysticetus",66.8190735410001
"Balaenoptera acutorostrata",-75.8617416019999,84.084471933,"Balaenoptera_acutorostrata",4.11136516550004
"Balaenoptera edeni",-45.1973395089998,47.5874148408454,"Balaenoptera_edeni",1.19503766592281
"Balaenoptera physalus",-79.9610695109988,80.3088693089991,"Balaenoptera_physalus",0.173899899000162
"Balaenoptera bonaerensis",-85.4689,5.67140000000006,"Balaenoptera_bonaerensis",-39.8987499999999
"Berardius bairdii",21.98934225671,66.3916625156496,"Berardius_bairdii",44.1905023861798
"Caperea marginata",-61.2262773959999,-18.798907415,"Caperea_marginata",-40.0125924055
"Cephalorhynchus eutropia",-55.9977012649999,-33.092932827,"Cephalorhynchus_eutropia",-44.545317046
"Cephalorhynchus heavisidii",-34.27205658,-14.7037258149999,"Cephalorhynchus_heavisidii",-24.4878911974999
"Delphinapterus leucas",44.5127711540001,83.1683669780001,"Delphinapterus_leucas",63.8405690660001
"Eschrichtius robustus",19.9174804690001,72.398035593,"Eschrichtius_robustus",46.157758031
"Eubalaena australis",-68.631286621,-12.1810789109999,"Eubalaena_australis",-40.4061827659999
"Feresa attenuata",-36.5689519329994,44.3965737809998,"Feresa_attenuata",3.91381092400024
"Globicephala macrorhynchus",-38.1775413219995,58.1619033369958,"Globicephala_macrorhynchus",9.99218100749817
"Globicephala melas",-66.7018308509996,72.9358419690001,"Globicephala_melas",3.11700555900023
"Hyperoodon ampullatus",14.1523189540001,75.102571487,"Hyperoodon_ampullatus",44.6274452205001
"Hyperoodon planifrons",-79.9519042968922,-19.5227050774855,"Hyperoodon_planifrons",-49.7373046871888
"Inia geoffrensis",-18.0616363789999,9.63607641400006,"Inia_geoffrensis",-4.21277998249994
"Kogia breviceps",-48.2377036349845,57.2283809247347,"Kogia_breviceps",4.49533864487508
"Kogia sima",-40.6255511545618,45.9753990219472,"Kogia_sima",2.67492393369269
"Lagenodelphis hosei",-35.944691281,41.0432817970001,"Lagenodelphis_hosei",2.54929525800006
"Lagenorhynchus acutus",39.0621738431484,77.4055118558875,"Lagenorhynchus_acutus",58.2338428495179
"Lagenorhynchus albirostris",40.579750061,79.9926395410001,"Lagenorhynchus_albirostris",60.2861948010001
"Lagenorhynchus australis",-60.7243984049999,-32.834366841,"Lagenorhynchus_australis",-46.7793826229999
"Lagenorhynchus cruciger",-68.501262475,-32.476634695,"Lagenorhynchus_cruciger",-50.488948585
"Lagenorhynchus obliquidens",21.310639656,61.5051497760001,"Lagenorhynchus_obliquidens",41.407894716
"Lipotes vexillifer",28.369538086,32.267268465,"Lipotes_vexillifer",30.3184032755
"Lissodelphis borealis",30.1853098330001,51.272307971,"Lissodelphis_borealis",40.7288089020001
"Lissodelphis peronii",-62.6091690709999,-9.69136516599997,"Lissodelphis_peronii",-36.1502671185
"Megaptera novaeangliae",-77.1493766309999,80.4418925489992,"Megaptera_novaeangliae",1.64625795899966
"Mesoplodon bidens",26.514886855951,71.6202297211784,"Mesoplodon_bidens",49.0675582885647
"Mesoplodon densirostris",-41.4943644078153,64.8422355930985,"Mesoplodon_densirostris",11.6739355926416
"Mesoplodon europaeus",-22.7905786378262,57.429620330895,"Mesoplodon_europaeus",17.3195208465344
"Mesoplodon grayi",-68.9725952147572,-11.3862915038738,"Mesoplodon_grayi",-40.1794433593155
"Mesoplodon layardii",-63.2385864259355,-23.7363891611914,"Mesoplodon_layardii",-43.4874877935634
"Mesoplodon peruvianus",-30.1054840126911,31.9146213517249,"Mesoplodon_peruvianus",0.904568669516863
"Mesoplodon stejnegeri",32.6696355930001,63.390835592,"Mesoplodon_stejnegeri",48.0302355925
"Monodon monoceros",60.1572476490001,85.007173116,"Monodon_monoceros",72.5822103825001
"Orcinus orca",-85.582763631,82.3946871689999,"Orcinus_orca",-1.59403823100005
"Peponocephala electra",-34.419611941,36.4103742,"Peponocephala_electra",0.995381129500032
"Phocoena spinipinnis",-56.0247226349999,-5.67120787699997,"Phocoena_spinipinnis",-30.847965256
"Phocoenoides dalli",29.2441322770001,62.6856574000001,"Phocoenoides_dalli",45.9648948385001
"Stenella attenuata",-41.0447496699999,43.5502419410001,"Stenella_attenuata",1.25274613550008
"Stenella clymene",-32.58670559,41.0165759490001,"Stenella_clymene",4.21493517950006
"Stenella coeruleoalba",-49.647463941976,60.6971804179978,"Stenella_coeruleoalba",5.52485823801094
"Stenella frontalis",-34.468734126,49.1737602910001,"Stenella_frontalis",7.35251308250005
"Tasmacetus shepherdi",-55.1492909959999,-33.250954318,"Tasmacetus_shepherdi",-44.200122657
"Ziphius cavirostris",-53.2252323813278,64.7919473489004,"Ziphius_cavirostris",5.78335748378631
"Indopacetus pacificus",-29.9181417367042,37.0621062823665,"Indopacetus_pacificus",3.57198227283118
"Eubalaena japonica",24.422005459,66.391662597,"Eubalaena_japonica",45.406834028
"Tursiops aduncus",-37.6184752434377,36.1057980946064,"Tursiops_aduncus",-0.756338574415622
"Phocoena dioptrica",-63.73048697,-25.6893534189999,"Phocoena_dioptrica",-44.7099201944999
"Neophocaena asiaeorientalis",22.6665997700001,40.9529457100001,"Neophocaena_asiaeorientalis",31.8097727400001
"Physeter macrocephalus",-83.0205078129852,75.6724853507184,"Physeter_macrocephalus",-3.67401123113336
"Platanista gangetica",20.1435033113288,30.2405902350513,"Platanista_gangetica",25.1920467731901
"Mesoplodon perrini",20.413695077324,39.5148645455675,"Mesoplodon_perrini",29.9642798114458
"Sotalia fluviatilis",-10.9968564789489,2.5446435208475,"Sotalia_fluviatilis",-4.22610647905069
"Neophocaena phocaenoides",-7.61384607399998,30.5183430020001,"Neophocaena_phocaenoides",11.452248464
"Bubalus mindorensis",12.666687011,13.47824289,"Bubalus_mindorensis",13.0724649505
"Okapia johnstoni",-3.03668212899993,3.88749980900008,"Okapia_johnstoni",0.425408840000074
"Muntiacus muntjak",-8.96136440699996,9.33643559300003,"Muntiacus_muntjak",0.187535593000035
"Cervus albirostris",27.951235593,39.7192355920001,"Cervus_albirostris",33.8352355925001
"Moschus chrysogaster",27.2668355920001,40.614035593,"Moschus_chrysogaster",33.9404355925001
"Moschus fuscus",25.0620355930001,30.277135592,"Moschus_fuscus",27.6695855925001
"Moschus moschiferus",34.2840003970001,68.9090355930001,"Moschus_moschiferus",51.5965179950001
"Moschus leucogaster",26.866535593,34.6974355930001,"Moschus_leucogaster",30.7819855930001
"Tragulus nigricans",7.80165653000006,12.3313316650001,"Tragulus_nigricans",10.0664940975001
"Tragulus javanicus",-8.84946440699997,-5.87376440699995,"Tragulus_javanicus",-7.36161440699996
"Tragulus napu",-5.94502000099993,14.1096355930001,"Tragulus_napu",4.08230779600007
"Tragulus kanchil",-5.94502000099993,21.7507603930001,"Tragulus_kanchil",7.90287019600007
"Tragulus versicolor",12.0464355930001,14.4817355930001,"Tragulus_versicolor",13.2640855930001
"Tragulus williamsoni",18.358635592,21.6427355930001,"Tragulus_williamsoni",20.0006855925
"Moschiola indica",8.06900024400005,29.0673355920001,"Moschiola_indica",18.5681679180001
"Moschus anhuiensis",30.344535593,31.7606355930001,"Moschus_anhuiensis",31.0525855930001
"Moschus cupreus",33.6638355920001,36.84858411,"Moschus_cupreus",35.2562098510001
"Moschiola kathygre",5.91683340100008,7.23403559200005,"Moschiola_kathygre",6.57543449650007
"Pseudois nayaur",26.851135593,40.013035593,"Pseudois_nayaur",33.432085593
"Catagonus wagneri",-26.121464408,-18.449164407,"Catagonus_wagneri",-22.2853144075
"Axis kuhlii",-5.85652078699997,-5.75356440799993,"Axis_kuhlii",-5.80504259749995
"Moschiola meminna",6.22809087200005,9.83136081700007,"Moschiola_meminna",8.02972584450006
"Sousa sahulensis",-28.489119914,0.10715067700005,"Sousa_sahulensis",-14.1909846185
"Rusa unicolor",-5.94502782799998,33.7665355930001,"Rusa_unicolor",13.9107538825
"Gazella arabica",12.9373355930001,29.6533355930001,"Gazella_arabica",21.2953355930001
"Philantomba walteri",4.50517057600007,10.3646524910001,"Philantomba_walteri",7.43491153350007
"Capra cylindricornis",40.8981044649491,43.6995990642455,"Capra_cylindricornis",42.2988517645973
"Capra falconeri",29.2126744240001,38.570720728,"Capra_falconeri",33.891697576
"Dama mesopotamica",29.5478355920001,37.579235592,"Dama_mesopotamica",33.5635355920001
"Phacochoerus aethiopicus",-3.98016099999995,11.296453,"Phacochoerus_aethiopicus",3.65814600000004
"Potamochoerus porcus",-8.07929640799995,13.5324355930001,"Potamochoerus_porcus",2.72656959250006
"Hylochoerus meinertzhageni",-4.48316440799994,11.5552355930001,"Hylochoerus_meinertzhageni",3.53603559250007
"Bos mutus",29.1501355930001,39.0415355920001,"Bos_mutus",34.0958355925001
"Moschus berezovskii",21.557435592,36.365235592,"Moschus_berezovskii",28.961335592
"Phacochoerus africanus",-34.214511871,18.3033780000001,"Phacochoerus_africanus",-7.95556693549995
"Antidorcas marsupialis",-33.7274644079999,-12.5216644069999,"Antidorcas_marsupialis",-23.1245644074999
"Antilocapra americana",20.8517355920001,51.3781355930001,"Antilocapra_americana",36.1149355925001
"Boselaphus tragocamelus",11.713435593,32.7192355930001,"Boselaphus_tragocamelus",22.2163355930001
"Procapra picticaudata",27.7803355930001,40.0706355930001,"Procapra_picticaudata",33.9254855930001
"Procapra gutturosa",42.1863355930001,50.3132355920001,"Procapra_gutturosa",46.2497855925001
"Tragelaphus buxtoni",6.60973559200005,9.04723559300004,"Tragelaphus_buxtoni",7.82848559250004
"Tragelaphus eurycerus",-3.39466440699994,11.424735593,"Tragelaphus_eurycerus",4.01503559300005
"Tragelaphus spekii",-20.1040644079999,14.131535593,"Tragelaphus_spekii",-2.98626440749996
"Tragelaphus scriptus",-34.839764407,15.2471355930001,"Tragelaphus_scriptus",-9.79631440699995
"Tragelaphus angasii",-28.4374644069999,-15.5391644069999,"Tragelaphus_angasii",-21.9883144069999
"Tragelaphus imberbis",-8.61906440799993,10.9812355930001,"Tragelaphus_imberbis",1.18108559250007
"Tragelaphus oryx",-34.839764407,6.87293559200003,"Tragelaphus_oryx",-13.9834144075
"Cervus hanglu",33.973657861,44.35595025,"Cervus_hanglu",39.1648040555
"Bison bison",35.7509099970001,64.656694959,"Bison_bison",50.2038024780001
"Orcaella brevirostris",-8.78061775699996,25.811723692,"Orcaella_brevirostris",8.51555296750004
"Pontoporia blainvillei",-42.069058964,-18.422426198,"Pontoporia_blainvillei",-30.245742581
"Sousa teuszii",-16.1632531339999,23.916383743,"Sousa_teuszii",3.87656530450005
"Sus barbatus",-4.08302999999995,8.07760143300004,"Sus_barbatus",1.99728571650004
"Orcaella heinsohni",-22.693011241,-3.55262006299995,"Orcaella_heinsohni",-13.122815652
"Sousa chinensis",-8.88121213799997,26.8773988410001,"Sousa_chinensis",8.99809335150005
"Cephalorhynchus commersonii",-56.1131552699999,-42.090212655,"Cephalorhynchus_commersonii",-49.1016839624999
"Balaenoptera borealis",-77.637399525,75.9723004990001,"Balaenoptera_borealis",-0.832549512999954
"Giraffa camelopardalis",-29.265613882,14.6057128910001,"Giraffa_camelopardalis",-7.32995049549996
"Cervus canadensis",27.6430900003033,60.8276355918092,"Cervus_canadensis",44.2353627960563
"Cervus elaphus",33.4545552665124,66.9612355921489,"Cervus_elaphus",50.2078954293306
"Alcelaphus buselaphus",-34.839764407,17.395335592,"Alcelaphus_buselaphus",-8.72221440749996
"Sotalia guianensis",-28.0256900059999,17.5588151690001,"Sotalia_guianensis",-5.23343741849993
"Balaenoptera omurai",-36.7453444204086,36.3713488642587,"Balaenoptera_omurai",-0.186997778074954
"Pseudorca crassidens",-58.2307789909958,61.5051499089983,"Pseudorca_crassidens",1.63718545900126
"Vicugna vicugna",-29.770548631714,-1.27462698644621,"Vicugna_vicugna",-15.5225878090801
"Balaenoptera musculus",-85.5827637175627,79.2291700519982,"Balaenoptera_musculus",-3.17679683278227
"Arabitragus jayakari",22.1092315372057,26.2573264221767,"Arabitragus_jayakari",24.1832789796912
"Stenella longirostris",-34.5288070839999,41.3899726600001,"Stenella_longirostris",3.43058278800007
"Tursiops truncatus",-53.6386208607526,62.8119009530654,"Tursiops_truncatus",4.58664004615637
"Capricornis sumatraensis",-5.94506399960386,36.5736359999015,"Capricornis_sumatraensis",15.3142860001488
"Connochaetes taurinus",-30.603064407,-0.776264406999928,"Connochaetes_taurinus",-15.689664407
"Oryx gazella",-33.256164407,-17.170364407,"Oryx_gazella",-25.213264407
"Pseudoryx nghetinhensis",15.9787355930001,19.466935592,"Pseudoryx_nghetinhensis",17.7228355925
"Tragelaphus strepsiceros",-34.0525283809999,20.147535593,"Tragelaphus_strepsiceros",-6.95249639399995
"Cephalophus dorsalis",-10.8545644079999,12.5784355920001,"Cephalophus_dorsalis",0.861935592000066
"Muntiacus reevesi",20.2289355917043,57.5970517931058,"Muntiacus_reevesi",38.9129936924051
"Eudorcas thomsonii",-5.26326440699995,1.21863559300004,"Eudorcas_thomsonii",-2.02231440699995
"Lagenorhynchus obscurus",-55.290650888128,-8.21798721673662,"Lagenorhynchus_obscurus",-31.7543190524323
"Eubalaena glacialis",22.6248493193407,71.5981782469286,"Eubalaena_glacialis",47.1115137831347
"Capra walie",13.1296355923088,13.4591355923338,"Capra_walie",13.2943855923213
"Steno bredanensis",-37.2621978879994,48.2998031909701,"Steno_bredanensis",5.51880265148535
"Naemorhedus baileyi",27.0399317893207,30.8631843638673,"Naemorhedus_baileyi",28.951558076594
"Ovis vignei",24.8092355931482,45.7943355934129,"Ovis_vignei",35.3017855932806
"Rupicapra rupicapra",38.4962369007121,51.1286355916589,"Rupicapra_rupicapra",44.8124362461855
"Berardius arnuxii",-78.9528499636156,-23.1313435610428,"Berardius_arnuxii",-51.0420967623292
"Oryx dammah",12.3354308615323,36.4654825033462,"Oryx_dammah",24.4004566824392
"Balaenoptera ricei",26.7445858750381,30.1474895282192,"Balaenoptera_ricei",28.4460377016287
"Mesoplodon mirus",27.1790557144317,53.0451628481616,"Mesoplodon_mirus",40.1121092812967
"Ammotragus lervia",14.3244868362952,36.7336284687181,"Ammotragus_lervia",25.5290576525066
"Capricornis rubidus",21.5860355910356,28.2764355918281,"Capricornis_rubidus",24.9312355914319
"Phocoena sinus",30.0957031248993,31.7645263672981,"Phocoena_sinus",30.9301147460987
"Mesoplodon eueu",-45.298812838768,-23.5049494502788,"Mesoplodon_eueu",-34.4018811445234
"Capra ibex",42.0672982254328,47.7256558675243,"Capra_ibex",44.8964770464786
"Capra pyrenaica",36.381179307679,43.1618777718418,"Capra_pyrenaica",39.7715285397604
"Rupicapra pyrenaica",41.6221355923838,43.2375280211014,"Rupicapra_pyrenaica",42.4298318067426
"Sousa plumbea",-34.8748475671182,30.5183429719561,"Sousa_plumbea",-2.17825229758105
"Saiga tatarica",42.7453355914597,50.6072355933061,"Saiga_tatarica",46.6762855923829
"Platanista minor",25.2988232711771,32.6431760572293,"Platanista_minor",28.9709996642032
"Grampus griseus",-53.0917198559999,61.505149841,"Grampus_griseus",4.20671499250005
"Phocoena phocoena",14.7910004779966,79.7664828174205,"Phocoena_phocoena",47.2787416477086
"Oreamnos americanus",37.265335592784,63.2601355934395,"Oreamnos_americanus",50.2627355931118
"Tayassu pecari",-33.5568915384137,19.4605355918441,"Tayassu_pecari",-7.04817797328479
"Bos javanicus",-8.94828527524521,27.2044628988438,"Bos_javanicus",9.12808881179927
"Delphinus delphis",-51.3945897241364,62.6856355928084,"Delphinus_delphis",5.64552293433599
