"Order","Family","AdultBodyMass_g","AdultHeadBodyLen_mm","DietBreadth","HabitatBreadth","HomeRange_km2","SocialGrpSize","Terrestriality","TrophicLevel","GR_Area_km2","GR_MidRangeLat_dd","GR_MaxLat_dd","GR_MinLat_dd","GR_MaxLong_dd","GR_MinLong_dd","GR_MidRangeLong_dd","tips"
"Artiodactyla","Camelidae",492714.47,NA,3,1,196.32,10,1,1,NA,NA,NA,NA,NA,NA,NA,"Camelus_dromedarius"
"Artiodactyla","Bovidae",800143.05,2700,3,NA,NA,40,NA,1,2294331.63,15.43,28.01,2.86,108.68,73.55,91.12,"Bos_frontalis"
"Artiodactyla","Bovidae",5e+05,NA,2,NA,NA,110,NA,1,1523540.07,34.27,38.88,29.66,99.23,75.91,87.57,"Bos_grunniens"
"Artiodactyla","Bovidae",635974.34,2075,2,1,NA,40,1,1,1687920.66,8.15,25.08,-8.78,118.35,94.94,106.64,"Bos_javanicus"
"Artiodactyla","Camelidae",554515.91,NA,2,1,NA,6.2,1,1,188693,41.34,44.71,37.98,97.58,90.75,94.17,"Camelus_bactrianus"
"Artiodactyla","Bovidae",791321.76,2175,2,1,NA,20,1,1,115557.18,13.76,15.48,12.04,107.85,102.98,105.42,"Bos_sauveli"
"Artiodactyla","Bovidae",618642.42,NA,NA,NA,10.04,NA,NA,NA,44447.62,13.46,15.08,11.85,108.99,107.08,108.04,"Bos_taurus"
"Artiodactyla","Bovidae",182253.04,2000,5,NA,NA,NA,NA,1,2192564.81,22.35,33,11.71,87.08,68.93,78,"Boselaphus_tragocamelus"
"Artiodactyla","Bovidae",58149.52,NA,NA,NA,NA,NA,NA,NA,32781.87,42.33,43.82,40.83,48.52,40,44.26,"Capra_caucasica"
"Artiodactyla","Bovidae",54303.37,1590,2,1,NA,NA,1,1,155075.85,33.87,38.9,28.84,75.48,65.04,70.26,"Capra_falconeri"
"Artiodactyla","Bovidae",47386.47,NA,2,NA,98.3,NA,NA,1,NA,NA,NA,NA,NA,NA,NA,"Capra_hircus"
"Artiodactyla","Bovidae",69546.83,NA,2,1,NA,NA,1,1,145098.13,45.83,47.9,43.76,15.5,4.76,10.13,"Capra_ibex"
"Artiodactyla","Cervidae",69499.99,NA,NA,NA,0.67,NA,NA,NA,2041090.04,17.25,28.58,5.91,89.82,73.11,81.46,"Axis_axis"
"Artiodactyla","Cervidae",39812.6,1387.44,NA,NA,NA,NA,NA,NA,1345.4,11.99,12.33,11.66,120.34,119.84,120.09,"Axis_calamianensis"
"Artiodactyla","Cervidae",54999.99,1375,2,NA,NA,NA,NA,1,197.86,-5.79,-5.72,-5.86,112.73,112.56,112.64,"Axis_kuhlii"
"Artiodactyla","Cervidae",37448.29,NA,3,NA,0.52,1.8,NA,1,2017514.05,20.57,32.58,8.55,107.57,67.83,87.7,"Axis_porcinus"
"Artiodactyla","Suidae",92950.09,950,6,1,NA,4.5,1,2,13309.7,-2.73,-1.62,-3.84,127.26,124.33,125.8,"Babyrousa_babyrussa"
"Artiodactyla","Suidae",NA,NA,NA,NA,NA,NA,NA,NA,NA,NA,NA,NA,NA,NA,NA,"Babyrousa_bolabatuensis"
"Artiodactyla","Suidae",NA,NA,NA,NA,NA,NA,NA,NA,47657.62,-1.37,1.55,-4.31,125.29,119.82,122.55,"Babyrousa_celebensis"
"Artiodactyla","Bovidae",19094.32,1041.8,7,1,NA,NA,1,2,726891.4,6.79,9.29,4.29,6.75,-13.29,-3.26,"Cephalophus_niger"
"Artiodactyla","Bovidae",14676.33,944.21,4,1,NA,NA,1,1,2766201.07,-2.36,5.12,-9.85,37.79,8.69,23.24,"Cephalophus_nigrifrons"
"Artiodactyla","Bovidae",18386.42,1000,NA,NA,0.07,NA,NA,NA,231511.16,1.84,7.15,-3.46,12.62,5.99,9.31,"Cephalophus_ogilbyi"
"Artiodactyla","Bovidae",12114.57,650,5,1,NA,1,1,2,3098970.49,9.41,16.1,2.73,31.61,-17.53,7.03,"Cephalophus_rufilatus"
"Artiodactyla","Bovidae",62006.6,1324.76,5,1,NA,1,1,2,6018051.89,-1.89,13.58,-17.38,37.39,-16.79,10.29,"Cephalophus_silvicultor"
"Artiodactyla","Bovidae",56857.02,1174.48,3,1,NA,NA,1,1,36583.37,-6.04,-2.6,-9.48,38.83,33.33,36.08,"Cephalophus_spadix"
"Artiodactyla","Bovidae",NA,NA,NA,NA,NA,NA,NA,NA,1692834.41,-0.83,5.14,-6.81,37.26,16.17,26.72,"Cephalophus_weynsi"
"Artiodactyla","Bovidae",15654.75,874.99,3,1,NA,NA,1,2,171546.51,6.45,8.55,4.35,-5.5,-11.79,-8.64,"Cephalophus_zebra"
"Artiodactyla","Cervidae",240867.13,2136.72,5,1,58.42,17.5,1,1,14167735.33,46.41,64.59,28.23,141.54,-124.73,8.4,"Cervus_elaphus"
"Artiodactyla","Cervidae",52999.99,1200.51,2,1,1.43,7.5,1,1,2714652.61,33.97,47.71,20.22,145.82,107.98,126.9,"Cervus_nippon"
"Artiodactyla","Bovidae",624577.07,2849.24,2,2,47.39,30,1,1,10388.04,44.31,44.97,43.65,-109.99,-111.12,-110.56,"Bison_bison"
"Artiodactyla","Bovidae",675876.7,2900,2,2,7.91,35,1,1,NA,NA,NA,NA,NA,NA,NA,"Bison_bonasus"
"Artiodactyla","Suidae",NA,NA,NA,NA,NA,NA,NA,NA,536.65,-0.4,-0.23,-0.57,122.14,121.64,121.89,"Babyrousa_togeanensis"
"Artiodactyla","Cervidae",112518.53,1720,3,1,NA,3,1,1,2004539.09,-19.49,-3.88,-35.1,-46.54,-69.28,-57.91,"Blastocerus_dichotomus"
"Artiodactyla","Bovidae",20000,849.99,4,1,0.27,1,1,2,2874503.05,1.14,9.35,-7.06,30.66,-13.29,8.68,"Cephalophus_dorsalis"
"Artiodactyla","Bovidae",68489.54,1349.99,4,NA,NA,NA,NA,1,130952.07,6.79,9.22,4.35,-4.91,-13.2,-9.05,"Cephalophus_jentinki"
"Artiodactyla","Bovidae",13208.69,939.32,5,1,NA,NA,1,2,1396673.01,-0.45,5.15,-6.05,30.64,8.69,19.67,"Cephalophus_leucogaster"
"Artiodactyla","Bovidae",12724.51,786.14,4,1,0.06,2,1,1,1208751.28,-19.25,-7.38,-31.13,40.84,29.23,35.03,"Cephalophus_natalensis"
"Artiodactyla","Camelidae",78322.67,1595.1,2,1,NA,NA,1,1,NA,NA,NA,NA,NA,NA,NA,"Lama_glama"
"Artiodactyla","Bovidae",39999.99,NA,NA,NA,NA,NA,NA,NA,NA,NA,NA,NA,NA,NA,NA,"Eudorcas_rufina"
"Artiodactyla","Bovidae",22907.43,885,2,1,NA,NA,1,1,515821.13,1.91,9.45,-5.61,38.38,30.41,34.4,"Eudorcas_thomsonii"
"Artiodactyla","Bovidae",24124.67,1000,2,NA,NA,NA,NA,1,17363.03,13.73,14.41,13.05,45.72,43.57,44.65,"Gazella_arabica"
"Artiodactyla","Bovidae",18916.67,NA,NA,NA,NA,NA,NA,NA,1733312.37,24.85,34.26,15.43,84.07,64.49,74.28,"Gazella_bennettii"
"Artiodactyla","Bovidae",NA,NA,NA,NA,NA,NA,NA,NA,1047003.29,30.43,37.09,23.78,10.11,-15.82,-2.85,"Gazella_cuvieri"
"Artiodactyla","Bovidae",15635.95,965.68,6,1,15.52,6.75,1,2,10374953.94,23.6,37.34,9.86,49.71,-17.1,16.3,"Gazella_dorcas"
"Artiodactyla","Bovidae",NA,NA,NA,NA,NA,NA,NA,NA,153353.23,14.99,17.38,12.59,46.73,42.59,44.66,"Gazella_erlangeri"
"Artiodactyla","Bovidae",21306.83,1012.85,3,1,1.46,7.2,1,1,1151478.67,23.49,34.39,12.59,59.83,34.37,47.1,"Gazella_gazella"
"Artiodactyla","Bovidae",24645.75,1032.67,2,1,NA,NA,1,1,2188576.06,24.82,34.3,15.34,30.94,-8.69,11.12,"Gazella_leptoceros"
"Artiodactyla","Bovidae",16000,NA,NA,NA,NA,NA,NA,NA,NA,NA,NA,NA,NA,NA,NA,"Gazella_saudiya"
"Artiodactyla","Bovidae",20000,885,NA,1,NA,14.25,1,NA,170828.32,6.47,10.91,2.02,51.41,44,47.71,"Gazella_spekei"
"Artiodactyla","Bovidae",26981.37,957.35,3,1,NA,5.5,1,1,8787218.98,32.06,49.21,14.92,117.89,33.79,75.84,"Gazella_subgutturosa"
"Artiodactyla","Bovidae",79132.17,1600,1,1,NA,13.5,1,1,30188.68,-0.57,0.8,-1.95,42.52,39.93,41.23,"Beatragus_hunteri"
"Artiodactyla","Bovidae",929500.97,2649.52,2,1,3.63,NA,1,1,978657.33,20.98,27.44,14.51,100,84.68,92.34,"Bubalus_bubalis"
"Artiodactyla","Bovidae",256989.27,1728.58,3,1,NA,1,1,1,41026.7,-1.33,0.85,-3.51,123.99,119.57,121.78,"Bubalus_depressicornis"
"Artiodactyla","Bovidae",254389.74,2199.99,2,1,NA,1,1,1,9912.75,12.86,13.53,12.2,121.55,120.29,120.92,"Bubalus_mindorensis"
"Artiodactyla","Bovidae",181718.86,1577.97,3,NA,NA,1,NA,1,56312.24,-2.33,0.79,-5.45,123.6,119.41,121.51,"Bubalus_quarlesi"
"Artiodactyla","Bovidae",294515.33,1736,3,1,NA,14,1,1,402044.43,30.15,34.44,25.85,108.95,88.22,98.58,"Budorcas_taxicolor"
"Artiodactyla","Bovidae",47763.72,NA,NA,NA,NA,NA,NA,NA,177986.79,23.53,32.88,14.18,57.13,31.5,44.31,"Capra_nubiana"
"Artiodactyla","Bovidae",60898.77,1200,2,NA,0.64,NA,NA,1,110472.5,39.02,42.03,36.01,2.38,-6.64,-2.13,"Capra_pyrenaica"
"Artiodactyla","Bovidae",130000,NA,NA,NA,NA,NA,NA,NA,2802214.24,43.53,55.63,31.43,106.03,61.59,83.81,"Capra_sibirica"
"Artiodactyla","Bovidae",100144.02,NA,NA,1,NA,NA,1,NA,4294.5,13.35,13.63,13.07,38.75,37.94,38.34,"Capra_walie"
"Artiodactyla","Cervidae",22502.01,NA,NA,1,0.52,NA,1,NA,6777177.58,51.25,67.62,34.89,54.05,-8.46,22.79,"Capreolus_capreolus"
"Artiodactyla","Cervidae",41371.03,1320,NA,1,0.99,NA,1,NA,9816965.75,46.94,62.64,31.25,139.56,41.85,90.7,"Capreolus_pygargus"
"Artiodactyla","Bovidae",43030.64,NA,NA,NA,0.11,NA,NA,NA,113318.46,36.75,41.54,31.96,142.07,130.84,136.45,"Capricornis_crispus"
"Artiodactyla","Bovidae",NA,NA,NA,NA,NA,NA,NA,NA,2334828.77,21.61,35.55,7.68,122.13,93.18,107.66,"Capricornis_milneedwardsii"
"Artiodactyla","Bovidae",NA,NA,NA,NA,NA,NA,NA,NA,21552.31,26.69,27.94,25.43,98.56,97.49,98.02,"Capricornis_rubidus"
"Artiodactyla","Bovidae",110942.22,1449.99,2,NA,NA,NA,NA,1,237174.87,1.52,8.99,-5.94,104.72,95.18,99.95,"Capricornis_sumatraensis"
"Artiodactyla","Bovidae",NA,NA,NA,NA,NA,NA,NA,NA,11915.86,23.57,25.01,22.13,121.72,120.56,121.14,"Capricornis_swinhoei"
"Artiodactyla","Bovidae",NA,NA,NA,NA,NA,NA,NA,NA,272208.21,27.93,34.6,21.26,96.07,74.1,85.09,"Capricornis_thar"
"Artiodactyla","Tayassuidae",35566.4,1025.93,6,1,7,5.75,1,2,329880.88,-23.08,-19.59,-26.58,-58.41,-64.64,-61.53,"Catagonus_wagneri"
"Artiodactyla","Bovidae",9249.95,690,4,1,NA,NA,1,1,3824.3,-4.78,-3.09,-6.47,40.13,39.18,39.65,"Cephalophus_adersi"
"Artiodactyla","Bovidae",NA,NA,NA,NA,NA,NA,NA,NA,356101.47,6.65,8.95,4.35,-0.43,-13.16,-6.8,"Cephalophus_brookei"
"Artiodactyla","Bovidae",19079.23,1014.28,3,1,0.32,NA,1,1,788397.64,-0.41,5.23,-6.05,22.7,8.69,15.7,"Cephalophus_callipygus"
"Artiodactyla","Bovidae",156547.53,1821.79,2,1,0.95,26.75,1,1,132200.71,-28.83,-26.92,-30.73,29.61,24.14,26.87,"Connochaetes_gnou"
"Artiodactyla","Bovidae",198619.68,2014.99,1,1,NA,20,1,1,3201113.49,-15.63,-0.82,-30.44,39.88,13.13,26.5,"Connochaetes_taurinus"
"Artiodactyla","Cervidae",57224.61,NA,2,1,0.71,10.5,1,1,3081759.24,48.26,60.52,36.01,34.67,-10.47,12.09,"Dama_dama"
"Artiodactyla","Bovidae",127194.87,NA,NA,NA,NA,NA,NA,NA,3278531.91,2.59,15.28,-10.09,45.33,-0.003893153,22.66,"Damaliscus_korrigum"
"Artiodactyla","Bovidae",136000.33,1700,1,1,NA,3.6,1,1,1266510.5,-16.46,-6.24,-26.69,32.16,17.54,24.85,"Damaliscus_lunatus"
"Artiodactyla","Bovidae",77784.55,NA,NA,NA,NA,NA,NA,NA,370656.19,-29.5,-24.59,-34.41,30.66,19.82,25.24,"Damaliscus_pygargus"
"Artiodactyla","Bovidae",NA,NA,NA,NA,NA,NA,NA,NA,NA,NA,NA,NA,NA,NA,NA,"Damaliscus_superstes"
"Artiodactyla","Bovidae",10918.12,779.98,3,1,NA,7,1,1,77951.19,10.21,11.69,8.73,51,42.29,46.64,"Dorcatragus_megalotis"
"Artiodactyla","Cervidae",23087.87,NA,NA,NA,NA,NA,NA,NA,1959738.34,27.88,33.65,22.11,122.13,96.23,109.18,"Elaphodus_cephalophus"
"Artiodactyla","Cervidae",165989.17,NA,2,1,NA,NA,1,1,NA,NA,NA,NA,NA,NA,NA,"Elaphurus_davidianus"
"Artiodactyla","Bovidae",26999.77,885,NA,1,NA,NA,1,NA,3084371.64,13.8,18.9,8.7,39,-17.53,10.73,"Eudorcas_rufifrons"
"Artiodactyla","Giraffidae",964654.73,4177.03,5,1,81.52,100,1,1,2791592.69,-4.62,16.35,-25.59,41.12,0.64,20.88,"Giraffa_camelopardalis"
"Artiodactyla","Bovidae",74186.41,1385,2,1,NA,NA,1,1,2109.89,9.95,11.46,8.44,77.57,76.42,76.99,"Nilgiritragus_hylocrius"
"Artiodactyla","Bovidae",22210.18,1075,3,1,NA,NA,1,1,16233.68,24.28,26.15,22.42,59.29,56.23,57.76,"Arabitragus_jayakari"
"Artiodactyla","Bovidae",68616.43,NA,2,NA,NA,NA,NA,1,130100.31,30.09,33.52,26.66,89.82,75.69,82.76,"Hemitragus_jemlahicus"
"Artiodactyla","Hippopotamidae",235001.16,1600,4,2,0.72,1.25,1,1,35806.59,8.28,12.29,4.27,7.33,-15.59,-4.13,"Choeropsis_liberiensis"
"Artiodactyla","Cervidae",68599.35,1550,2,1,NA,7.3,1,1,993123.79,-13.36,2.63,-29.36,-65.5,-78.72,-72.11,"Hippocamelus_antisensis"
"Artiodactyla","Cervidae",69240.81,1550,2,1,0.86,1.9,1,1,121225.02,-43.63,-36.52,-50.74,-71.09,-75.47,-73.28,"Hippocamelus_bisulcus"
"Artiodactyla","Hippopotamidae",1536310.4,NA,2,2,NA,NA,1,2,1849389.21,-6.86,13.59,-27.33,42.88,-15.16,13.85,"Hippopotamus_amphibius"
"Artiodactyla","Bovidae",264173.96,1150,5,1,NA,12,1,1,8018853.26,-4.58,16.13,-25.3,38.45,-17.53,10.45,"Hippotragus_equinus"
"Artiodactyla","Bovidae",149999.99,NA,NA,NA,NA,NA,NA,NA,NA,NA,NA,NA,NA,NA,NA,"Hippotragus_leucophaeus"
"Artiodactyla","Bovidae",236405.9,2035,5,1,NA,15,1,1,3149646.92,-13.63,-1.84,-25.41,40.84,16.24,28.54,"Hippotragus_niger"
"Artiodactyla","Cervidae",12760.04,NA,NA,NA,NA,NA,NA,NA,1140413.15,28.91,34.93,22.89,122.13,106.81,114.47,"Hydropotes_inermis"
"Artiodactyla","Tragulidae",10850,750,1,1,0.2,1,1,1,2571576.3,1.1,8.56,-6.35,31.51,-13.19,9.15,"Hyemoschus_aquaticus"
"Artiodactyla","Suidae",198130.47,2028.75,2,1,NA,10,1,1,2227871.01,3.65,11.77,-4.45,41.41,-14.78,13.31,"Hylochoerus_meinertzhageni"
"Artiodactyla","Bovidae",204393.48,NA,2,1,1.28,12,1,1,10067123.88,-6.47,16.11,-29.06,45.62,-16.79,14.41,"Kobus_ellipsiprymnus"
"Artiodactyla","Bovidae",80035.21,1700,1,1,99.57,40,1,1,3179796.65,6.17,14.7,-2.34,35.8,-16.79,9.5,"Kobus_kob"
"Artiodactyla","Bovidae",88645.04,NA,2,2,NA,20,1,1,229752.09,-14.22,-8.41,-20.04,32.05,17.16,24.61,"Kobus_leche"
"Artiodactyla","Bovidae",85805.93,NA,NA,NA,NA,NA,NA,NA,82555.03,8.02,9.98,6.05,34.12,29.67,31.9,"Kobus_megaceros"
"Artiodactyla","Bovidae",71462.72,1340,2,1,NA,5.5,1,1,1026509.33,-10.68,-2.73,-18.63,37.46,17.41,27.43,"Kobus_vardonii"
"Artiodactyla","Tragulidae",3130.95,540,NA,NA,NA,NA,NA,NA,1572492.46,14.97,24.02,5.91,87.96,72.61,80.28,"Moschiola_meminna"
"Artiodactyla","Moschidae",NA,NA,NA,NA,NA,NA,NA,NA,NA,NA,NA,NA,NA,NA,NA,"Moschus_anhuiensis"
"Artiodactyla","Moschidae",12477.41,899.99,2,NA,0.13,NA,NA,1,2263301.83,28.85,35.95,21.75,117.46,91.4,104.43,"Moschus_berezovskii"
"Artiodactyla","Moschidae",13697.9,899.99,2,NA,0.13,1,NA,1,1480747.1,32.72,40.61,24.83,105.3,86.42,95.86,"Moschus_chrysogaster"
"Artiodactyla","Moschidae",NA,NA,NA,NA,NA,NA,NA,NA,NA,NA,NA,NA,NA,NA,NA,"Moschus_cupreus"
"Artiodactyla","Moschidae",13697.9,899.99,2,NA,0.13,NA,NA,1,121178.76,28.75,30.59,26.92,96.95,91.29,94.12,"Moschus_fuscus"
"Artiodactyla","Moschidae",NA,NA,NA,NA,NA,NA,NA,NA,NA,NA,NA,NA,NA,NA,NA,"Moschus_leucogaster"
"Artiodactyla","Moschidae",13315.57,899.99,3,NA,0.13,1,NA,1,8554234.6,53.39,72.5,34.28,166.34,83.41,124.87,"Moschus_moschiferus"
"Artiodactyla","Cervidae",18939.1,994.99,2,NA,NA,NA,NA,1,108466.54,1.16,4.19,-1.86,117.33,115.15,116.24,"Muntiacus_atherodes"
"Artiodactyla","Cervidae",18590.01,NA,4,NA,NA,NA,NA,2,128303.4,29.44,31.8,27.08,120.6,116.66,118.63,"Muntiacus_crinifrons"
"Artiodactyla","Bovidae",38804.37,1500,1,1,NA,8,1,1,1594552.7,2.96,11.64,-5.72,51.01,35.26,43.14,"Litocranius_walleri"
"Artiodactyla","Bovidae",4623.7,612.07,6,1,0.03,6.25,1,1,1526489.41,4.34,11.23,-2.54,50.52,31.43,40.98,"Madoqua_guentheri"
"Artiodactyla","Bovidae",4833.4,654.27,5,1,NA,2.5,1,1,1734714.03,-6.58,11.03,-24.2,50.58,11.71,31.14,"Madoqua_kirkii"
"Artiodactyla","Bovidae",2500,NA,2,NA,NA,NA,NA,1,30486.05,4.13,6.06,2.2,48.96,45.62,47.29,"Madoqua_piacentinii"
"Artiodactyla","Bovidae",3424.47,595,2,NA,NA,1.5,NA,1,1219720.78,9.77,19.33,0.2,51.41,35.96,43.68,"Madoqua_saltiana"
"Artiodactyla","Cervidae",20546.86,NA,2,1,NA,1,1,1,12346897.93,-9.86,12.46,-32.18,-34.79,-78.03,-56.41,"Mazama_americana"
"Artiodactyla","Cervidae",NA,NA,NA,NA,NA,NA,NA,NA,28312.32,-24.65,-23.54,-25.75,-47.65,-49.64,-48.65,"Mazama_bororo"
"Artiodactyla","Cervidae",16499.85,NA,NA,1,NA,NA,1,NA,83134.92,6.18,10.48,1.88,-69.31,-75.83,-72.57,"Mazama_bricenii"
"Artiodactyla","Cervidae",16071.74,NA,NA,1,NA,NA,1,NA,112162.09,-14.26,-11.16,-17.37,-66.87,-73.16,-70.01,"Mazama_chunyi"
"Artiodactyla","Cervidae",16633.17,918.25,2,1,NA,1,1,1,12556119.02,-10.9,11.66,-33.47,-34.79,-79.14,-56.96,"Mazama_gouazoubira"
"Artiodactyla","Cervidae",16499.85,NA,NA,1,NA,NA,1,NA,713883.95,-24.8,-20.15,-29.45,-42.26,-55.46,-48.86,"Mazama_nana"
"Artiodactyla","Cervidae",NA,NA,NA,NA,NA,NA,NA,NA,30465.15,20.26,21.31,19.21,-88.36,-90.5,-89.43,"Mazama_pandora"
"Artiodactyla","Cervidae",21099.25,NA,NA,1,NA,NA,1,NA,14703.63,-0.43,0.79,-1.67,-77.46,-78.65,-78.05,"Mazama_rufina"
"Artiodactyla","Cervidae",NA,NA,NA,NA,NA,NA,NA,NA,586111.82,9.53,19.88,-0.82,-76.1,-94.98,-85.54,"Mazama_temama"
"Artiodactyla","Cervidae",21999.99,NA,4,NA,NA,NA,NA,2,14346.43,15.02,16.39,13.64,98.87,97.86,98.37,"Muntiacus_feae"
"Artiodactyla","Cervidae",18590.01,NA,4,NA,NA,NA,NA,2,170.54,28.59,29.65,27.52,98.85,96.25,97.55,"Muntiacus_gongshanensis"
"Artiodactyla","Cervidae",17611.59,994.99,3,NA,NA,NA,NA,1,7321434.07,11.79,32.36,-8.78,119.66,72.05,95.86,"Muntiacus_muntjak"
"Artiodactyla","Cervidae",NA,NA,NA,NA,NA,NA,NA,NA,1860.05,19.46,19.69,19.24,105.08,104.63,104.86,"Muntiacus_puhoatensis"
"Artiodactyla","Cervidae",NA,NA,NA,NA,NA,NA,NA,NA,42695.33,26.72,27.89,25.55,98.61,95.97,97.29,"Muntiacus_putaoensis"
"Artiodactyla","Cervidae",13499.94,NA,2,NA,0.12,NA,NA,1,1767640.73,27.17,34.11,20.22,122.13,104.67,113.4,"Muntiacus_reevesi"
"Artiodactyla","Cervidae",10762.64,NA,NA,NA,NA,NA,NA,NA,7016.69,19.4,19.91,18.88,104.26,103.55,103.91,"Muntiacus_rooseveltorum"
"Artiodactyla","Cervidae",NA,NA,NA,NA,NA,NA,NA,NA,10016.59,15.77,16.51,15.03,107.65,106.86,107.26,"Muntiacus_truongsonensis"
"Artiodactyla","Cervidae",36690.82,NA,NA,NA,NA,NA,NA,NA,55431.64,15.99,18.54,13.43,107.71,104.22,105.96,"Muntiacus_vuquangensis"
"Artiodactyla","Bovidae",28863.45,1040,NA,NA,NA,NA,NA,NA,105198.47,26.94,29.24,24.64,100.08,96.87,98.47,"Naemorhedus_baileyi"
"Artiodactyla","Bovidae",26999.99,NA,NA,NA,NA,NA,NA,NA,757390.24,42.04,49.62,34.47,138.78,109.66,124.22,"Naemorhedus_caudatus"
"Artiodactyla","Bovidae",28796.51,1060,2,1,NA,NA,1,1,353466.24,31.24,35.69,26.78,95.96,71.88,83.92,"Naemorhedus_goral"
"Artiodactyla","Bovidae",NA,NA,NA,NA,NA,NA,NA,NA,1912280.46,28.95,35.44,22.46,119.64,84.34,101.99,"Naemorhedus_griseus"
"Artiodactyla","Bovidae",71424.81,1462.78,1,1,NA,1,1,1,1593778.59,20.22,28.23,12.21,33.87,-9.02,12.42,"Nanger_dama"
"Artiodactyla","Bovidae",55464.46,1529.99,2,1,NA,NA,1,1,963156.39,0.28,8.32,-7.75,42.35,33.54,37.94,"Nanger_granti"
"Artiodactyla","Bovidae",41582.93,1360,NA,1,NA,NA,1,NA,1089492.28,9.81,18.79,0.83,51.14,33.73,42.44,"Nanger_soemmerringii"
"Artiodactyla","Bovidae",22731.33,NA,2,1,NA,10.25,1,1,866217.26,-28.71,-22.59,-34.83,31.75,16.92,24.34,"Pelea_capreolus"
"Artiodactyla","Giraffidae",230001.14,2000,1,1,4.63,1,1,1,1105797.06,-1.57,5.13,-8.28,30.73,18.12,24.43,"Okapia_johnstoni"
"Artiodactyla","Bovidae",2967.45,540,4,1,NA,NA,1,1,1089948.06,1.99,8.02,-4.03,30.92,6.03,18.47,"Neotragus_batesi"
"Artiodactyla","Bovidae",5639.01,599.99,5,1,NA,1.5,1,1,1612115.59,-13.29,2.16,-28.74,40.84,30.22,35.53,"Nesotragus_moschatus"
"Artiodactyla","Bovidae",3913.68,499.99,4,NA,NA,2,NA,1,426515.09,6.81,9.27,4.35,0.13,-13.32,-6.59,"Neotragus_pygmaeus"
"Artiodactyla","Cervidae",84560.57,1516.5,2,1,2.01,NA,1,1,6310738.18,41.77,62.28,21.27,-96.52,-149.44,-122.98,"Odocoileus_hemionus"
"Artiodactyla","Cervidae",75901.25,1513.69,4,1,1.99,2.25,1,1,14446002.22,21.89,61.76,-17.98,-49.87,-130.91,-90.39,"Odocoileus_virginianus"
"Artiodactyla","Bovidae",72105.4,1297.33,2,1,18.17,3,1,1,1137827.98,54.06,64.61,43.51,-110.18,-151.99,-131.08,"Oreamnos_americanus"
"Artiodactyla","Bovidae",13486.55,824.99,4,1,NA,2,1,1,5375303.33,-7.77,19.29,-34.83,50.9,7.62,29.26,"Oreotragus_oreotragus"
"Artiodactyla","Bovidae",200576.52,NA,NA,NA,NA,NA,NA,NA,1255430.97,6.35,18.42,-5.72,51.41,33.12,42.26,"Oryx_beisa"
"Artiodactyla","Bovidae",199798.95,1910,5,1,NA,30,1,1,214297.23,16.24,18.51,13.98,21.38,9.17,15.28,"Oryx_dammah"
"Artiodactyla","Bovidae",188404.45,1615,5,1,NA,20,1,1,4613581.92,-8.27,18.29,-34.83,51.11,11.71,31.41,"Oryx_gazella"
"Artiodactyla","Bovidae",75788.24,NA,5,1,NA,5,1,1,NA,NA,NA,NA,NA,NA,NA,"Oryx_leucoryx"
"Artiodactyla","Bovidae",17186.09,1160,3,1,NA,2,1,1,8258056.75,-8.62,16.53,-33.77,45.53,-15.07,15.23,"Ourebia_ourebi"
"Artiodactyla","Bovidae",312500,NA,2,1,NA,12.5,1,1,1615605.88,71.68,83.62,59.74,-12.49,-168.12,-90.31,"Ovibos_moschatus"
"Artiodactyla","Bovidae",113998.72,1585,2,1,4.59,NA,1,1,10939816.94,41.17,55.79,26.55,125.74,29.01,77.38,"Ovis_ammon"
"Artiodactyla","Bovidae",39097.89,1297.23,2,NA,NA,35,NA,1,NA,NA,NA,NA,NA,NA,NA,"Ovis_aries"
"Artiodactyla","Bovidae",74644.87,1565.5,2,1,18.94,NA,1,1,2457850.19,40.48,57.15,23.82,-101.6,-123.9,-112.75,"Ovis_canadensis"
"Artiodactyla","Bovidae",70194.13,1415.02,2,1,10.15,9.5,1,1,1014237.16,60.59,69.14,52.03,-118.87,-164.06,-141.47,"Ovis_dalli"
"Artiodactyla","Bovidae",90000,NA,NA,NA,NA,NA,NA,NA,1645753.65,61.16,70.76,51.56,179.99,-179.99,-0.000284268,"Ovis_nivicola"
"Artiodactyla","Cervidae",34620.4,1224.74,3,1,6.16,3.5,1,1,3649669.28,-21.88,-7.21,-36.56,-40.94,-66.51,-53.73,"Ozotoceros_bezoarticus"
"Artiodactyla","Bovidae",32733.12,NA,NA,NA,NA,NA,NA,NA,1113531.45,32.83,36.73,28.92,99.29,80.73,90.01,"Pantholops_hodgsonii"
"Artiodactyla","Tayassuidae",21133.69,889.34,5,1,1.37,20,1,1,15771441.38,0.14,35.07,-34.78,-34.79,-114.45,-74.62,"Pecari_tajacu"
"Artiodactyla","Suidae",75607.52,NA,4,1,1.35,2,1,1,851932.22,4.71,11.49,-2.05,46.38,34.47,40.42,"Phacochoerus_aethiopicus"
"Artiodactyla","Suidae",82499.99,1355.54,1,NA,1.55,NA,NA,1,11093470.88,-6.61,18.77,-32,44.87,-17.53,13.66,"Phacochoerus_africanus"
"Artiodactyla","Bovidae",8557.69,845.23,7,1,NA,1.95,1,2,1214155.52,9.1,13.85,4.35,6.79,-16.82,-5.01,"Philantomba_maxwellii"
"Artiodactyla","Bovidae",4896.05,692.3,3,1,NA,1.9,1,2,6552145.69,-12.45,9.54,-34.44,40.52,5.92,23.22,"Philantomba_monticola"
"Artiodactyla","Bovidae",97842.2,1750,2,NA,NA,1,NA,1,11820.15,17.64,19.53,15.74,107.71,104.07,105.89,"Pseudoryx_nghetinhensis"
"Artiodactyla","Suidae",69063.79,NA,7,1,4.47,8,1,2,5892226.64,-10.37,13.69,-34.44,46.08,13.07,29.57,"Potamochoerus_larvatus"
"Artiodactyla","Suidae",70000.31,1369.3,5,1,NA,10.56,1,2,5033216.84,2.71,13.53,-8.1,36.11,-16.82,9.64,"Potamochoerus_porcus"
"Artiodactyla","Bovidae",28274.27,1243.28,1,1,NA,NA,1,1,322170.9,45.77,49.45,42.09,117.77,91.47,104.62,"Procapra_gutturosa"
"Artiodactyla","Bovidae",23197.67,980,NA,NA,NA,NA,NA,NA,1936510.55,33.64,39.03,28.25,102.5,77.75,90.12,"Procapra_picticaudata"
"Artiodactyla","Bovidae",27499.99,NA,NA,NA,NA,NA,NA,NA,40688.43,37.06,37.9,36.23,102.63,99.5,101.06,"Procapra_przewalskii"
"Artiodactyla","Cervidae",161681.9,NA,NA,NA,NA,NA,NA,NA,1061382.86,33.72,39.57,27.88,103.96,91.7,97.83,"Cervus_albirostris"
"Artiodactyla","Bovidae",52334.57,1299.99,2,1,NA,NA,1,1,3101839.68,34.44,41.55,27.33,111.28,75.32,93.3,"Pseudois_nayaur"
"Artiodactyla","Bovidae",29249.99,NA,NA,1,NA,NA,1,NA,61143.76,30.55,32.97,28.14,99.57,97.52,98.54,"Pseudois_schaeferi"
"Artiodactyla","Cervidae",9599.96,NA,NA,NA,NA,NA,NA,NA,244304.21,-3.73,5.09,-12.56,-73.55,-79.28,-76.41,"Pudu_mephistophiles"
"Artiodactyla","Cervidae",9642.62,NA,4,1,0.17,NA,1,1,223036.92,-43.69,-34.84,-52.55,-70.94,-74.3,-72.62,"Pudu_puda"
"Artiodactyla","Cervidae",177522.9,2040,3,NA,NA,NA,NA,1,7050571.04,12.02,29.99,-5.94,122,72.5,97.25,"Rusa_unicolor"
"Artiodactyla","Cervidae",171223.86,1500,2,2,14.11,64.25,1,1,255737.11,25.76,29.44,22.08,93.68,77.22,85.45,"Rucervus_duvaucelii"
"Artiodactyla","Cervidae",95471.61,1650,3,1,NA,NA,1,1,119941.73,18.86,25.34,12.38,109.95,93.14,101.55,"Rucervus_eldii"
"Artiodactyla","Cervidae",107626.42,NA,NA,NA,NA,NA,NA,NA,NA,NA,NA,NA,NA,NA,NA,"Rucervus_schomburgki"
"Artiodactyla","Bovidae",29999.99,NA,NA,NA,NA,NA,NA,NA,13561.93,42.41,43.21,41.6,14.22,-6.73,3.74,"Rupicapra_pyrenaica"
"Artiodactyla","Bovidae",33266.35,NA,2,1,2.65,1,1,1,742756.93,43.5,51.33,35.66,47.08,5.29,26.19,"Rupicapra_rupicapra"
"Artiodactyla","Cervidae",46475.04,NA,NA,NA,NA,NA,NA,NA,24504.78,10.48,11.94,9.03,123.56,121.84,122.7,"Rusa_alfredi"
"Artiodactyla","Cervidae",49457.61,1255,NA,NA,NA,NA,NA,NA,220497.9,12.1,18.65,5.55,126.6,116.93,121.76,"Rusa_marianna"
"Artiodactyla","Cervidae",66375.5,1634.99,2,NA,NA,NA,NA,1,132249.02,-7.36,-5.87,-8.84,115.71,105.2,110.46,"Rusa_timorensis"
"Artiodactyla","Cervidae",109088.5,2224.35,3,NA,2771.22,NA,NA,1,18376464.07,64.59,83.62,45.55,177.44,-168.12,4.65,"Rangifer_tarandus"
"Artiodactyla","Bovidae",11661.53,824.99,5,1,0.43,2,1,1,4930075.62,-16.61,1.61,-34.83,41.77,11.71,26.74,"Raphicerus_campestris"
"Artiodactyla","Bovidae",10503.14,NA,2,1,NA,1.5,1,1,243785.08,-32.31,-29.78,-34.83,29.42,17.1,23.26,"Raphicerus_melanotis"
"Artiodactyla","Bovidae",9396.9,679.99,3,1,NA,1.5,1,1,2548307.11,-15.29,-3.42,-27.16,40.84,22.67,31.75,"Raphicerus_sharpei"
"Artiodactyla","Bovidae",58059.24,1505,2,1,NA,1.75,1,1,5149998.73,-16.58,-2.09,-31.07,40.84,11.12,25.98,"Redunca_arundinum"
"Artiodactyla","Bovidae",29352.66,1230,1,1,0.07,4.75,1,1,1134766.5,-12.32,9.55,-34.21,39.72,10.75,25.24,"Redunca_fulvorufula"
"Artiodactyla","Bovidae",43288.95,1150,1,1,NA,NA,1,1,6462304.59,2.21,16.27,-11.83,41.29,-17.4,11.94,"Redunca_redunca"
"Artiodactyla","Bovidae",NA,NA,NA,NA,NA,NA,NA,NA,125569.97,46.67,49,44.35,99.24,91.7,95.47,"Saiga_borealis"
"Artiodactyla","Bovidae",37734.01,1160,2,2,NA,27.5,2,1,2926916.31,46.47,51.61,41.32,90.5,41.49,65.99,"Saiga_tatarica"
"Artiodactyla","Bovidae",52591.69,1420,2,1,1.97,15.25,1,1,3926868.66,-12.91,2.58,-28.42,40.84,11.71,26.27,"Aepyceros_melampus"
"Artiodactyla","Bovidae",96077.36,NA,5,1,NA,12.62,1,1,1168708.88,20.52,26.45,14.6,32.63,-16.77,7.93,"Addax_nasomaculatus"
"Artiodactyla","Bovidae",43250.39,1247.1,4,2,0.02,1,1,1,13167565.73,-9.36,16.11,-34.83,45.58,-17.53,14.02,"Tragelaphus_scriptus"
"Artiodactyla","Bovidae",75554.25,1520.84,2,2,NA,6,1,1,5256068.76,-3.27,14.37,-20.93,35.23,-16.82,9.2,"Tragelaphus_spekii"
"Artiodactyla","Bovidae",206056.41,2199.99,2,1,835.1,12,1,1,6476879.55,-6.95,20.14,-34.05,47.94,12.44,30.19,"Tragelaphus_strepsiceros"
"Artiodactyla","Tragulidae",1889.93,514.29,3,NA,NA,1,NA,1,NA,NA,NA,NA,NA,NA,NA,"Tragulus_javanicus"
"Artiodactyla","Tragulidae",NA,NA,NA,NA,NA,NA,NA,NA,3708821.44,9.09,24.14,-5.94,123.67,72.61,98.14,"Tragulus_kanchil"
"Artiodactyla","Tragulidae",5273.67,562.36,3,NA,NA,NA,NA,1,1593229.34,4.18,14.3,-5.94,119.26,95.18,107.22,"Tragulus_napu"
"Artiodactyla","Tragulidae",NA,NA,NA,NA,NA,NA,NA,NA,11882.48,9.61,11.42,7.8,119.71,116.93,118.32,"Tragulus_nigricans"
"Artiodactyla","Tragulidae",NA,NA,NA,NA,NA,NA,NA,NA,NA,NA,NA,NA,NA,NA,NA,"Tragulus_versicolor"
"Artiodactyla","Tragulidae",NA,NA,NA,NA,NA,NA,NA,NA,NA,NA,NA,NA,NA,NA,NA,"Tragulus_williamsoni"
"Artiodactyla","Suidae",NA,NA,NA,NA,NA,NA,NA,NA,108626.43,8.68,12.33,5.04,126.6,116.93,121.76,"Sus_ahoenobarbus"
"Artiodactyla","Suidae",135805.95,1349.99,6,1,NA,6.25,1,2,970249.8,0.54,7.03,-5.94,119.26,96.84,108.05,"Sus_barbatus"
"Artiodactyla","Suidae",NA,NA,NA,NA,NA,NA,NA,NA,2834.16,18.17,18.64,17.7,105.41,104.78,105.09,"Sus_bucculentus"
"Artiodactyla","Suidae",190792.3,1349.99,6,NA,NA,4.5,NA,2,27761.56,10.82,12.6,9.03,124.07,121.84,122.96,"Sus_cebifrons"
"Artiodactyla","Suidae",53813.21,NA,5,NA,NA,NA,NA,2,173576.36,-2.37,1.75,-6.49,125.29,118.75,122.02,"Sus_celebensis"
"Artiodactyla","Suidae",NA,NA,NA,NA,NA,NA,NA,NA,NA,NA,NA,NA,NA,NA,NA,"Sus_oliveri"
"Artiodactyla","Suidae",190792.3,1349.99,6,NA,NA,3.75,NA,2,237934.97,12.1,18.65,5.55,126.6,119.74,123.17,"Sus_philippensis"
"Artiodactyla","Suidae",7974.13,599.66,4,1,0.15,5,1,2,25728.78,26.7,27.06,26.33,93.44,87.93,90.69,"Porcula_salvania"
"Artiodactyla","Suidae",84471.54,1349.99,5,NA,1.18,13,NA,2,25951693.02,25.6,59.99,-8.78,138.36,-9.89,64.23,"Sus_scrofa"
"Artiodactyla","Suidae",89406.23,1250,3,NA,NA,5,NA,2,97964.63,-7.25,-5.72,-8.78,114.6,106.05,110.32,"Sus_verrucosus"
"Artiodactyla","Bovidae",15639.15,960.71,4,1,NA,1,1,1,14120906.18,-9.22,16.39,-34.83,46.19,-17.53,14.33,"Sylvicapra_grimmia"
"Artiodactyla","Bovidae",592665.98,2525.86,1,1,63.73,12,1,1,11706834.65,-8.82,15.85,-33.51,43.95,-14.48,14.73,"Syncerus_caffer"
"Artiodactyla","Bovidae",160937.86,1974.99,2,1,2.73,20,1,1,4706770.4,5.81,17.65,-6.03,45.78,-15.68,15.05,"Alcelaphus_buselaphus"
"Artiodactyla","Bovidae",176115.97,NA,NA,NA,NA,NA,NA,NA,873624.18,-21.68,-16.05,-27.32,27.42,14.27,20.84,"Alcelaphus_caama"
"Artiodactyla","Bovidae",168695.66,NA,3,1,4.41,10,1,1,2264335.8,-11.63,-1.36,-21.89,39.41,19.07,29.24,"Alcelaphus_lichtensteinii"
"Artiodactyla","Cervidae",461900.76,2930.47,1,1,71.75,1,1,1,NA,NA,NA,NA,NA,NA,NA,"Alces_alces"
"Artiodactyla","Cervidae",541460.44,2097.16,2,NA,NA,NA,NA,1,NA,NA,NA,NA,NA,NA,NA,"Alces_americanus"
"Artiodactyla","Bovidae",28049.81,1509.96,NA,1,NA,NA,1,NA,287056.65,6.18,9.57,2.79,50.02,43.14,46.58,"Ammodorcas_clarkei"
"Artiodactyla","Bovidae",94202.22,1449.99,2,1,7.06,NA,1,1,1447450.84,24.84,35.21,14.47,36.55,-15.33,10.6,"Ammotragus_lervia"
"Artiodactyla","Bovidae",33571.24,1055,2,1,NA,NA,1,1,1066805.09,-20.74,-12.52,-28.97,27.61,11.71,19.66,"Antidorcas_marsupialis"
"Artiodactyla","Antilocapridae",47450.01,1310,2,1,8.05,12,1,1,2009745.94,37.21,51.37,23.04,-95.02,-121.25,-108.14,"Antilocapra_americana"
"Artiodactyla","Bovidae",36301.1,1250,5,1,0.62,30,1,1,1248646.6,18.75,29.43,8.06,84.2,68.91,76.56,"Antilope_cervicapra"
"Artiodactyla","Bovidae",646024.25,2522.02,1,1,NA,NA,1,1,937936.53,8.76,14.03,3.48,31.51,-14.48,8.51,"Tragelaphus_derbianus"
"Artiodactyla","Bovidae",562592.69,2656.78,3,1,195.15,4.05,1,1,5405307.84,-10.1,7.22,-27.42,41.67,12.47,27.07,"Tragelaphus_oryx"
"Artiodactyla","Tayassuidae",31798.71,1110,6,1,40.97,NA,1,2,13839052.97,-5.72,21.6,-33.06,-34.79,-95.7,-65.24,"Tayassu_pecari"
"Artiodactyla","Bovidae",19282.12,1000,5,NA,NA,NA,NA,1,1865786.32,22.28,31.53,13.04,87.11,70.5,78.8,"Tetracerus_quadricornis"
"Artiodactyla","Bovidae",87616.76,1935.86,4,1,1.63,15.5,1,1,274074.58,-22.04,-15.6,-28.48,35.21,29.07,32.14,"Tragelaphus_angasii"
"Artiodactyla","Bovidae",215000.75,2249.44,1,1,NA,15,1,1,41913.3,7.76,9.35,6.16,42,38.4,40.2,"Tragelaphus_buxtoni"
"Artiodactyla","Bovidae",270998.37,2274.99,4,1,NA,13.5,1,1,2564432.61,2.08,10,-5.83,37.81,-12.64,12.58,"Tragelaphus_eurycerus"
"Artiodactyla","Bovidae",94320.39,1675,3,1,NA,3,1,1,1907499.42,3.92,16.88,-9.03,48.87,32.08,40.48,"Tragelaphus_imberbis"
"Artiodactyla","Camelidae",47499.61,1575,1,1,0.12,NA,1,1,817999.23,-19.5,-7.13,-31.87,-65.41,-77.97,-71.69,"Vicugna_vicugna"
